{
  "feature_selection_config": {
    "method": "rfecv_vs_baseline",
    "rfecv_enabled": true,
    "baseline_comparison": true,
    "min_features_tested": 1,
    "max_features_available": 13,
    "scoring_metric": "accuracy",
    "cv_folds": 10,
    "estimator": "RandomForestClassifier"
  },
  "comparison_results": {
    "rfecv": {
      "method": "RFECV_Auto_Selection",
      "n_features_selected": 5,
      "selected_features": [
        "คะแนนคณิตศาสตร์",
        "คะแนนคอมพิวเตอร์",
        "คะแนนภาษาไทย",
        "คะแนนวิทยาศาสตร์",
        "คะแนนศิลปะ"
      ],
      "optimal_n_features": "5",
      "cv_scores": [
        0.593958818958819,
        0.7030060217560219,
        0.7959353146853146,
        0.8560314685314687,
        0.8930604118104117,
        0.8909673659673658,
        0.8888840326340326,
        0.8853972416472417,
        0.8868006993006992,
        0.8895784770784771,
        0.885402097902098,
        0.8832944832944832,
        0.8749077311577311
      ],
      "cv_std": [
        0.0299495816299595,
        0.02192300895863926,
        0.0313093597311243,
        0.02063400001393073,
        0.02035940411964878,
        0.019405594405594417,
        0.016999950468525468,
        0.02600335115499718,
        0.011942299886467295,
        0.020262653409813886,
        0.025599951871455213,
        0.016880062461754473,
        0.024537886925653635
      ],
      "mean_score": 0.8930604118104117,
      "std_score": 0.02035940411964878,
      "feature_ranking": [
        1,
        1,
        1,
        1,
        1,
        3,
        2,
        4,
        6,
        7,
        5,
        8,
        9
      ],
      "feature_mask": [
        true,
        true,
        true,
        true,
        true,
        false,
        false,
        false,
        false,
        false,
        false,
        false,
        false
      ],
      "detailed_history": [
        {
          "n_features": 13,
          "cv_mean": 0.593958818958819,
          "cv_std": 0.0299495816299595,
          "is_optimal": "False"
        },
        {
          "n_features": 12,
          "cv_mean": 0.7030060217560219,
          "cv_std": 0.02192300895863926,
          "is_optimal": "False"
        },
        {
          "n_features": 11,
          "cv_mean": 0.7959353146853146,
          "cv_std": 0.0313093597311243,
          "is_optimal": "False"
        },
        {
          "n_features": 10,
          "cv_mean": 0.8560314685314687,
          "cv_std": 0.02063400001393073,
          "is_optimal": "False"
        },
        {
          "n_features": 9,
          "cv_mean": 0.8930604118104117,
          "cv_std": 0.02035940411964878,
          "is_optimal": "False"
        },
        {
          "n_features": 8,
          "cv_mean": 0.8909673659673658,
          "cv_std": 0.019405594405594417,
          "is_optimal": "False"
        },
        {
          "n_features": 7,
          "cv_mean": 0.8888840326340326,
          "cv_std": 0.016999950468525468,
          "is_optimal": "False"
        },
        {
          "n_features": 6,
          "cv_mean": 0.8853972416472417,
          "cv_std": 0.02600335115499718,
          "is_optimal": "False"
        },
        {
          "n_features": 5,
          "cv_mean": 0.8868006993006992,
          "cv_std": 0.011942299886467295,
          "is_optimal": "True"
        },
        {
          "n_features": 4,
          "cv_mean": 0.8895784770784771,
          "cv_std": 0.020262653409813886,
          "is_optimal": "False"
        },
        {
          "n_features": 3,
          "cv_mean": 0.885402097902098,
          "cv_std": 0.025599951871455213,
          "is_optimal": "False"
        },
        {
          "n_features": 2,
          "cv_mean": 0.8832944832944832,
          "cv_std": 0.016880062461754473,
          "is_optimal": "False"
        },
        {
          "n_features": 1,
          "cv_mean": 0.8749077311577311,
          "cv_std": 0.024537886925653635,
          "is_optimal": "False"
        }
      ],
      "n_features_tested": 13,
      "improvement": 0.004161810411810407,
      "feature_importance": {
        "คะแนนคณิตศาสตร์": 0.21648238186667357,
        "คะแนนคอมพิวเตอร์": 0.28329652651160925,
        "คะแนนภาษาไทย": 0.1000121120115678,
        "คะแนนวิทยาศาสตร์": 0.10978571227565176,
        "คะแนนศิลปะ": 0.2904232673344975
      }
    },
    "all_features": {
      "method": "All_Features_Baseline",
      "n_features_selected": 13,
      "selected_features": [
        "คะแนนคณิตศาสตร์",
        "คะแนนคอมพิวเตอร์",
        "คะแนนภาษาไทย",
        "คะแนนวิทยาศาสตร์",
        "คะแนนศิลปะ",
        "ทักษะการคิดเชิงตรรกะ",
        "ทักษะความคิดสร้างสรรค์",
        "ทักษะการแก้ปัญหา",
        "ความสนใจด้านตัวเลข",
        "ความสนใจด้านเทคโนโลยี",
        "ความสนใจด้านการทำอาหาร",
        "อายุ",
        "เพศ"
      ],
      "cv_scores": [
        0.875,
        0.9230769230769231,
        0.9020979020979021,
        0.8741258741258742,
        0.8601398601398601,
        0.9230769230769231,
        0.8671328671328671,
        0.8881118881118881,
        0.8881118881118881,
        0.8881118881118881
      ],
      "mean_score": 0.8888986013986013,
      "std_score": 0.020553857586000937
    },
    "best_method": {
      "name": "rfecv",
      "score": 0.8930604118104117
    }
  },
  "best_method": {
    "name": "rfecv",
    "accuracy": 0.8930604118104117,
    "std": 0.02035940411964878,
    "n_features": 5,
    "improvement": 0.004161810411810407
  },
  "final_selection": {
    "method_used": "rfecv",
    "selected_features": [
      "คะแนนคณิตศาสตร์",
      "คะแนนคอมพิวเตอร์",
      "คะแนนภาษาไทย",
      "คะแนนวิทยาศาสตร์",
      "คะแนนศิลปะ"
    ],
    "n_features_selected": 5
  },
  "feature_analysis": {
    "core_features_selected": 5,
    "demographic_features_selected": 0,
    "total_features_available": 13
  },
  "timestamp": "2025-07-01T09:38:11.779071",
  "rfecv_details": {
    "optimal_n_features": "5",
    "n_features_tested": 13,
    "cv_scores": [
      0.593958818958819,
      0.7030060217560219,
      0.7959353146853146,
      0.8560314685314687,
      0.8930604118104117,
      0.8909673659673658,
      0.8888840326340326,
      0.8853972416472417,
      0.8868006993006992,
      0.8895784770784771,
      0.885402097902098,
      0.8832944832944832,
      0.8749077311577311
    ],
    "cv_std": [
      0.0299495816299595,
      0.02192300895863926,
      0.0313093597311243,
      0.02063400001393073,
      0.02035940411964878,
      0.019405594405594417,
      0.016999950468525468,
      0.02600335115499718,
      0.011942299886467295,
      0.020262653409813886,
      0.025599951871455213,
      0.016880062461754473,
      0.024537886925653635
    ],
    "detailed_history": [
      {
        "n_features": 13,
        "cv_mean": 0.593958818958819,
        "cv_std": 0.0299495816299595,
        "is_optimal": "False"
      },
      {
        "n_features": 12,
        "cv_mean": 0.7030060217560219,
        "cv_std": 0.02192300895863926,
        "is_optimal": "False"
      },
      {
        "n_features": 11,
        "cv_mean": 0.7959353146853146,
        "cv_std": 0.0313093597311243,
        "is_optimal": "False"
      },
      {
        "n_features": 10,
        "cv_mean": 0.8560314685314687,
        "cv_std": 0.02063400001393073,
        "is_optimal": "False"
      },
      {
        "n_features": 9,
        "cv_mean": 0.8930604118104117,
        "cv_std": 0.02035940411964878,
        "is_optimal": "False"
      },
      {
        "n_features": 8,
        "cv_mean": 0.8909673659673658,
        "cv_std": 0.019405594405594417,
        "is_optimal": "False"
      },
      {
        "n_features": 7,
        "cv_mean": 0.8888840326340326,
        "cv_std": 0.016999950468525468,
        "is_optimal": "False"
      },
      {
        "n_features": 6,
        "cv_mean": 0.8853972416472417,
        "cv_std": 0.02600335115499718,