{
  "feature_selection_config": {
    "method": "forward_smart",
    "n_features_to_select": 10,
    "scoring_metric": "accuracy",
    "cv_folds": 10,
    "smart_selection_enabled": true
  },
  "comparison_results": {
    "sequential": {
      "method": "Smart_Sequential_Forward",
      "n_features_selected": 5,
      "selected_features": [
        "คะแนนคอมพิวเตอร์",
        "คะแนนศิลปะ",
        "คะแนนคณิตศาสตร์",
        "คะแนนวิทยาศาสตร์",
        "คะแนนภาษาไทย"
      ],
      "final_score": 0.8952068764568765,
      "scores_history": [
        0.5905011655011656,
        0.7044240481740481,
        0.8015685703185703,
        0.8518793706293707,
        0.8952068764568765
      ],
      "stop_reason": "patience_reached",
      "total_rounds": 5,
      "cv_scores": [
        0.5905011655011656,
        0.7044240481740481,
        0.8015685703185703,
        0.8518793706293707,
        0.8952068764568765
      ],
      "mean_score": 0.8952068764568765,
      "std_score": 0.0
    },
    "rfe_cv": {
      "method": "RFE_CV",
      "n_features_selected": 6,
      "selected_features": [
        "คะแนนคณิตศาสตร์",
        "คะแนนคอมพิวเตอร์",
        "คะแนนภาษาไทย",
        "คะแนนวิทยาศาสตร์",
        "คะแนนศิลปะ",
        "ความสนใจด้านการทำอาหาร"
      ],
      "optimal_n_features": "6",
      "cv_scores": [
        0.9049922299922301,
        0.8924048174048174,
        0.8959061771561772,
        0.9028846153846155,
        0.8875145687645686,
        0.8882138694638695,
        0.8882138694638695,
        0.890321484071484
      ],
      "feature_ranking": [
        1,
        1,
        1,
        1,
        1,
        6,
        3,
        4,
        2,
        5,
        1,
        7,
        8
      ],
      "feature_mask": [
        true,
        true,
        true,
        true,
        true,
        false,
        false,
        false,
        false,
        false,
        true,
        false,
        false
      ]
    },
    "mutual_info": {
      "method": "Mutual_Information",
      "selected_features": [
        "คะแนนคณิตศาสตร์",
        "คะแนนคอมพิวเตอร์",
        "คะแนนภาษาไทย",
        "คะแนนวิทยาศาสตร์",
        "คะแนนศิลปะ",
        "ทักษะความคิดสร้างสรรค์",
        "ความสนใจด้านตัวเลข",
        "ความสนใจด้านการทำอาหาร",
        "อายุ",
        "เพศ"
      ],
      "feature_scores": {
        "คะแนนคณิตศาสตร์": 0.14255507256645483,
        "คะแนนคอมพิวเตอร์": 0.18076016299585795,
        "คะแนนภาษาไทย": 0.051908575316686134,
        "คะแนนวิทยาศาสตร์": 0.025339548097099707,
        "คะแนนศิลปะ": 0.14437193980033913,
        "ทักษะการคิดเชิงตรรกะ": 0.0,
        "ทักษะความคิดสร้างสรรค์": 0.012765276567547668,
        "ทักษะการแก้ปัญหา": 0.0,
        "ความสนใจด้านตัวเลข": 0.023870884695122108,
        "ความสนใจด้านเทคโนโลยี": 0.0,
        "ความสนใจด้านการทำอาหาร": 0.014960039218588461,
        "อายุ": 0.0,
        "เพศ": 0.006794427195886854
      }
    },
    "anova_f": {
      "method": "ANOVA_F_test",
      "selected_features": [
        "คะแนนคณิตศาสตร์",
        "คะแนนคอมพิวเตอร์",
        "คะแนนภาษาไทย",
        "คะแนนวิทยาศาสตร์",
        "คะแนนศิลปะ",
        "ทักษะความคิดสร้างสรรค์",
        "ทักษะการแก้ปัญหา",
        "ความสนใจด้านตัวเลข",
        "ความสนใจด้านเทคโนโลยี",
        "ความสนใจด้านการทำอาหาร"
      ],
      "feature_scores": {
        "คะแนนคณิตศาสตร์": 239.78748717472584,
        "คะแนนคอมพิวเตอร์": 337.94087965419857,
        "คะแนนภาษาไทย": 49.75685004779558,
        "คะแนนวิทยาศาสตร์": 64.32720468284506,
        "คะแนนศิลปะ": 304.0050156529828,
        "ทักษะการคิดเชิงตรรกะ": 0.2974236202699407,
        "ทักษะความคิดสร้างสรรค์": 1.8505020426126613,
        "ทักษะการแก้ปัญหา": 2.5737574906300917,
        "ความสนใจด้านตัวเลข": 1.1525348080922309,
        "ความสนใจด้านเทคโนโลยี": 1.2884134309779385,
        "ความสนใจด้านการทำอาหาร": 3.847301315332742,
        "อายุ": 0.2524891131824142,
        "เพศ": 0.23634259129909485
      }
    },
    "random_forest": {
      "method": "RF_Feature_Importance",
      "selected_features": [
        "คะแนนคณิตศาสตร์",
        "คะแนนคอมพิวเตอร์",
        "คะแนนภาษาไทย",
        "คะแนนวิทยาศาสตร์",
        "คะแนนศิลปะ",
        "ความสนใจด้านเทคโนโลยี",
        "ความสนใจด้านการทำอาหาร"
      ],
      "feature_importance": {
        "คะแนนคณิตศาสตร์": 0.16975796789885855,
        "คะแนนคอมพิวเตอร์": 0.2210052146543211,
        "คะแนนภาษาไทย": 0.0743460079162925,
        "คะแนนวิทยาศาสตร์": 0.08550990460031721,
        "คะแนนศิลปะ": 0.2209066378841986,
        "ทักษะการคิดเชิงตรรกะ": 0.0347676993528629,
        "ทักษะความคิดสร้างสรรค์": 0.03495380882088982,
        "ทักษะการแก้ปัญหา": 0.033094383069684756,
        "ความสนใจด้านตัวเลข": 0.03413401483173878,
        "ความสนใจด้านเทคโนโลยี": 0.03514763398480862,
        "ความสนใจด้านการทำอาหาร": 0.03700958490666516,
        "อายุ": 0.012654254657372835,
        "เพศ": 0.0067128874219893105
      },
      "n_features_selected": 7
    },
    "all_features": {
      "method": "All_Features_Baseline",
      "n_features_selected": 13,
      "selected_features": [
        "คะแนนคณิตศาสตร์",
        "คะแนนคอมพิวเตอร์",
        "คะแนนภาษาไทย",
        "คะแนนวิทยาศาสตร์",
        "คะแนนศิลปะ",
        "ทักษะการคิดเชิงตรรกะ",
        "ทักษะความคิดสร้างสรรค์",
        "ทักษะการแก้ปัญหา",
        "ความสนใจด้านตัวเลข",
        "ความสนใจด้านเทคโนโลยี",
        "ความสนใจด้านการทำอาหาร",
        "อายุ",
        "เพศ"
      ],
      "cv_scores": [
        0.8402777777777778,
        0.9300699300699301,
        0.8951048951048951,
        0.8811188811188811,
        0.8881118881118881,
        0.9300699300699301,
        0.8811188811188811,
        0.8811188811188811,
        0.8741258741258742,
        0.9020979020979021
      ],
      "mean_score": 0.890321484071484,
      "std_score": 0.02519337075495411
    },
    "best_method": {
      "name": "sequential",
      "score": 0.8952068764568765
    }
  },
  "best_method": {
    "name": "sequential",
    "accuracy": 0.8952068764568765,
    "std": 0.0,
    "n_features": 5,
    "improvement": 0
  },
  "final_selection": {
    "method_used": "sequential",
    "selected_features": [
      "คะแนนคอมพิวเตอร์",
      "คะแนนศิลปะ",
      "คะแนนคณิตศาสตร์",
      "คะแนนวิทยาศาสตร์",
      "คะแนนภาษาไทย"
    ],
    "n_features_selected": 5
  },
  "feature_analysis": {
    "core_features_selected": 5,
    "demographic_features_selected": 0,
    "total_features_available": 13
  },
  "timestamp": "2025-06-29T21:52:51.237433",
  "smart_selection_details": {
    "stop_reason": "patience_reached",
    "total_rounds": 5,
    "scores_history": [
      0.5905011655011656,
      0.7044240481740481,
      0.8015685703185703,
      0.8518793706293707,
      0.8952068764568765
    ],
    "early_stopping_worked": true
  }
}