feature,importance
คะแนนคอมพิวเตอร์,0.2210052146543211
คะแนนศิลปะ,0.2209066378841986
คะแนนคณิตศาสตร์,0.16975796789885855
คะแนนวิทยาศาสตร์,0.08550990460031721
คะแนนภาษาไทย,0.0743460079162925
ความสนใจด้านการทำอาหาร,0.03700958490666516
ความสนใจด้านเทคโนโลยี,0.03514763398480862
ทักษะความคิดสร้างสรรค์,0.03495380882088982
ทักษะการคิดเชิงตรรกะ,0.0347676993528629
ความสนใจด้านตัวเลข,0.03413401483173878
ทักษะการแก้ปัญหา,0.033094383069684756
อายุ,0.012654254657372835
เพศ,0.0067128874219893105
