feature,importance
คะแนนคอมพิวเตอร์,0.26778963877569817
คะแนนคณิตศาสตร์,0.22728730538355948
คะแนนศิลปะ,0.15288518990443845
คะแนนวิทยาศาสตร์,0.06978643624895084
คะแนนภาษาไทย,0.06252824540215927
ความสนใจด้านตัวเลข,0.0364822150188529
ความสนใจด้านการทำอาหาร,0.03481540823264357
ความสนใจด้านเทคโนโลยี,0.03453606949765961
ทักษะการคิดเชิงตรรกะ,0.03341258954114689
ทักษะการแก้ปัญหา,0.03226940803677437
ทักษะความคิดสร้างสรรค์,0.029993110027492713
อายุ,0.012059148210518457
เพศ,0.006155235720105313
