feature,importance
คะแนนศิลปะ,0.2904232673344975
คะแนนคอมพิวเตอร์,0.28329652651160925
คะแนนคณิตศาสตร์,0.21648238186667357
คะแนนวิทยาศาสตร์,0.10978571227565176
คะแนนภาษาไทย,0.1000121120115678
