{
  "Random_Forest": {
    "performance_metrics": {
      "cv_accuracy_mean": 0.8937742812742812,
      "cv_accuracy_std": 0.0171067076268347,
      "cv_precision_mean": 0.905554359260036,
      "cv_recall_mean": 0.8660853587033553,
      "cv_f1_mean": 0.8818693237201334,
      "test_accuracy": 0.8966480446927374,
      "test_precision": 0.8984818913240701,
      "test_recall": 0.8966480446927374,
      "test_f1": 0.89415488372874
    },
    "time_metrics": {
      "training_time": 1.074734902381897,
      "prediction_time": 0.1181172132492065,
      "total_time": 1.1928521156311036
    },
    "stability_metrics": {
      "cv_accuracy_cv": 0.01913985218107325,
      "overfitting_indicator": 0.09519990878686535
    },
    "normalized_scores": {
      "accuracy_score": 0.8966480446927374,
      "stability_score": 0.9808601478189267,
      "speed_score": 0.45602710409507013,
      "precision_score": 0.8984818913240701
    },
    "overall_score": 0.847672401223025,
    "rank_by_accuracy": 2,
    "rank_by_speed": 2,
    "rank_by_stability": 1,
    "rank_overall": 2
  },
  "Gradient_Boosting": {
    "performance_metrics": {
      "cv_accuracy_mean": 0.8937791375291375,
      "cv_accuracy_std": 0.0179178569584535,
      "cv_precision_mean": 0.89603734485271,
      "cv_recall_mean": 0.8764231532041379,
      "cv_f1_mean": 0.8839116800261199,
      "test_accuracy": 0.8854748603351955,
      "test_precision": 0.8876259122323149,
      "test_recall": 0.8854748603351955,
      "test_f1": 0.8829129085652622
    },
    "time_metrics": {
      "training_time": 5.141835618019104,
      "prediction_time": 0.0326111078262329,
      "total_time": 5.174446725845336
    },
    "stability_metrics": {
      "cv_accuracy_cv": 0.02004729827101094,
      "overfitting_indicator": 0.10622086247086249
    },
    "normalized_scores": {
      "accuracy_score": 0.8854748603351955,
      "stability_score": 0.9799527017289891,
      "speed_score": 0.1619578311064124,
      "precision_score": 0.8876259122323149
    },
    "overall_score": 0.7961655320142047,
    "rank_by_accuracy": 3,
    "rank_by_speed": 3,
    "rank_by_stability": 2,
    "rank_overall": 3
  },
  "Logistic_Regression": {
    "performance_metrics": {
      "cv_accuracy_mean": 0.933595571095571,
      "cv_accuracy_std": 0.0206018815507778,
      "cv_precision_mean": 0.932558063859252,
      "cv_recall_mean": 0.9267770028092608,
      "cv_f1_mean": 0.9285704257858408,
      "test_accuracy": 0.9413407821229052,
      "test_precision": 0.9412352118175948,
      "test_recall": 0.9413407821229052,
      "test_f1": 0.9410154172875814
    },
    "time_metrics": {
      "training_time": 0.0277790546417236,
      "prediction_time": 0.0179052591323852,
      "total_time": 0.045684313774108795
    },
    "stability_metrics": {
      "cv_accuracy_cv": 0.022067244306441566,
      "overfitting_indicator": 0.0042099808404156835
    },
    "normalized_scores": {
      "accuracy_score": 0.9413407821229052,
      "stability_score": 0.9779327556935584,
      "speed_score": 0.9563115625123764,
      "precision_score": 0.9412352118175948
    },
    "overall_score": 0.9508889583496599,
    "rank_by_accuracy": 1,
    "rank_by_speed": 1,
    "rank_by_stability": 3,
    "rank_overall": 1
  },
  "summary": {
    "best_accuracy": "Logistic_Regression",
    "fastest_model": "Logistic_Regression",
    "most_stable": "Random_Forest",
    "best_overall": "Logistic_Regression",
    "model_rankings": {
      "by_accuracy": [
        "Logistic_Regression",
        "Random_Forest",
        "Gradient_Boosting"
      ],
      "by_speed": [
        "Logistic_Regression",
        "Random_Forest",
        "Gradient_Boosting"
      ],
      "by_stability": [
        "Random_Forest",
        "Gradient_Boosting",
        "Logistic_Regression"
      ],
      "overall": [
        "Logistic_Regression",
        "Random_Forest",
        "Gradient_Boosting"
      ]
    }
  }
}