Model,Test_Accuracy,CV_Accuracy,Overall_Score,Overall_Rank,Training_Time,Stability_Score
Logistic_Regression,0.9581005586592178,0.9426608187134504,0.9576278813430578,1,0.049617846806844,0.982213525536819
Random_Forest,0.8854748603351955,0.8826023391812865,0.7922919668139062,2,1.900735600789388,0.956108494700309
Gradient_Boosting,0.8938547486033519,0.8986695906432747,0.7578112272642317,3,7.87620906829834,0.9749137623823547
