Model,Test_Accuracy,CV_Accuracy,Overall_Score,Overall_Rank,Training_Time,Stability_Score
Logistic_Regression,0.93,0.944375,0.9409304671385369,1,0.0561566114425659,0.9814102291129211
Random_Forest,0.8775,0.881875,0.7990967091175953,2,1.6324296474456788,0.9737774627923459
Gradient_Boosting,0.8975,0.89625,0.7520740587698141,3,12.526392579078674,0.9735006973500697
