Model,Test_Accuracy,CV_Accuracy,Overall_Score,Overall_Rank,Training_Time,Stability_Score
Logistic_Regression,0.9413407821229052,0.933595571095571,0.9508889583496599,1,0.0277790546417236,0.9779327556935584
Random_Forest,0.8966480446927374,0.8937742812742812,0.847672401223025,2,1.074734902381897,0.9808601478189267
Gradient_Boosting,0.8854748603351955,0.8937791375291375,0.7961655320142047,3,5.141835618019104,0.9799527017289891
