Model,Test_Accuracy,CV_Accuracy,Overall_Score,Overall_Rank,Training_Time,Stability_Score
Logistic_Regression,0.9245810055865922,0.9328962703962704,0.9389442202856706,1,0.0382199048995971,0.9781839401359408
Random_Forest,0.888268156424581,0.8930604118104117,0.8837139445043752,2,0.30663583278656,0.9772026574569841
Gradient_Boosting,0.88268156424581,0.9007478632478634,0.8231727475276256,3,1.7759021520614624,0.9794320434637379
