{
  "Random_Forest": {
    "performance_metrics": {
      "cv_accuracy_mean": 0.8930604118104117,
      "cv_accuracy_std": 0.0203594041196487,
      "cv_precision_mean": 0.9006366637532152,
      "cv_recall_mean": 0.8717502001152256,
      "cv_f1_mean": 0.8831002385560304,
      "test_accuracy": 0.888268156424581,
      "test_precision": 0.8902636972092186,
      "test_recall": 0.888268156424581,
      "test_f1": 0.8858848346927207
    },
    "time_metrics": {
      "training_time": 0.30663583278656,
      "prediction_time": 0.0496055603027343,
      "total_time": 0.35624139308929426
    },
    "stability_metrics": {
      "cv_accuracy_cv": 0.02279734254301588,
      "overfitting_indicator": 0.0879162805793241
    },
    "normalized_scores": {
      "accuracy_score": 0.888268156424581,
      "stability_score": 0.9772026574569841,
      "speed_score": 0.7373318681287001,
      "precision_score": 0.8902636972092186
    },
    "overall_score": 0.8837139445043752,
    "rank_by_accuracy": 2,
    "rank_by_speed": 2,
    "rank_by_stability": 3,
    "rank_overall": 2
  },
  "Gradient_Boosting": {
    "performance_metrics": {
      "cv_accuracy_mean": 0.9007478632478634,
      "cv_accuracy_std": 0.018526542901413,
      "cv_precision_mean": 0.8983507249610512,
      "cv_recall_mean": 0.8871868489882072,
      "cv_f1_mean": 0.8914140824756329,
      "test_accuracy": 0.88268156424581,
      "test_precision": 0.8828039874736486,
      "test_recall": 0.88268156424581,
      "test_f1": 0.8811432379939784
    },
    "time_metrics": {
      "training_time": 1.7759021520614624,
      "prediction_time": 0.026528787612915,
      "total_time": 1.8024309396743774
    },
    "stability_metrics": {
      "cv_accuracy_cv": 0.020567956536262085,
      "overfitting_indicator": 0.09925213675213662
    },
    "normalized_scores": {
      "accuracy_score": 0.88268156424581,
      "stability_score": 0.9794320434637379,
      "speed_score": 0.3568330572728379,
      "precision_score": 0.8828039874736486
    },
    "overall_score": 0.8231727475276256,
    "rank_by_accuracy": 3,
    "rank_by_speed": 3,
    "rank_by_stability": 1,
    "rank_overall": 3
  },
  "Logistic_Regression": {
    "performance_metrics": {
      "cv_accuracy_mean": 0.9328962703962704,
      "cv_accuracy_std": 0.0203521208819226,
      "cv_precision_mean": 0.9333242122505856,
      "cv_recall_mean": 0.926098324130582,
      "cv_f1_mean": 0.928683802204352,
      "test_accuracy": 0.9245810055865922,
      "test_precision": 0.9243767363962714,
      "test_recall": 0.9245810055865922,
      "test_f1": 0.9239748295020822
    },
    "time_metrics": {
      "training_time": 0.0382199048995971,
      "prediction_time": 0.0154437541961669,
      "total_time": 0.053663659095763996
    },
    "stability_metrics": {
      "cv_accuracy_cv": 0.02181605986405924,
      "overfitting_indicator": 0.004676362285057856
    },
    "normalized_scores": {
      "accuracy_score": 0.9245810055865922,
      "stability_score": 0.9781839401359408,
      "speed_score": 0.9490694600383037,
      "precision_score": 0.9243767363962714
    },
    "overall_score": 0.9389442202856706,
    "rank_by_accuracy": 1,
    "rank_by_speed": 1,
    "rank_by_stability": 2,
    "rank_overall": 1
  },
  "summary": {
    "best_accuracy": "Logistic_Regression",
    "fastest_model": "Logistic_Regression",
    "most_stable": "Gradient_Boosting",
    "best_overall": "Logistic_Regression",
    "model_rankings": {
      "by_accuracy": [
        "Logistic_Regression",
        "Random_Forest",
        "Gradient_Boosting"
      ],
      "by_speed": [
        "Logistic_Regression",
        "Random_Forest",
        "Gradient_Boosting"
      ],
      "by_stability": [
        "Gradient_Boosting",
        "Logistic_Regression",
        "Random_Forest"
      ],
      "overall": [
        "Logistic_Regression",
        "Random_Forest",
        "Gradient_Boosting"
      ]
    }
  }
}