{
  "descriptive_statistics": {
    "Random_Forest": {
      "mean": 0.8826023391812865,
      "std": 0.03873874524769511,
      "min": 0.8210526315789474,
      "max": 0.9473684210526315,
      "median": 0.875,
      "q25": 0.8631578947368421,
      "q75": 0.9157894736842105,
      "iqr": 0.05263157894736836,
      "skewness": -0.007573916714832787,
      "kurtosis": -0.9963917218939256
    },
    "Gradient_Boosting": {
      "mean": 0.8986695906432747,
      "std": 0.02254423889062919,
      "min": 0.8526315789473684,
      "max": 0.9375,
      "median": 0.9052631578947369,
      "q25": 0.884813596491228,
      "q75": 0.9157894736842105,
      "iqr": 0.03097587719298245,
      "skewness": -0.36262209251811567,
      "kurtosis": -0.5660747354359916
    },
    "Logistic_Regression": {
      "mean": 0.9426608187134503,
      "std": 0.016766612579488156,
      "min": 0.9157894736842105,
      "max": 0.96875,
      "median": 0.9375,
      "q25": 0.9368421052631579,
      "q75": 0.9578947368421052,
      "iqr": 0.021052631578947323,
      "skewness": -0.32342913340805524,
      "kurtosis": -1.046863164516987
    }
  },
  "effect_sizes": {
    "Random_Forest_vs_Gradient_Boosting": {
      "cohens_d": -0.48977006878530577,
      "effect_size_interpretation": "Small"
    },
    "Random_Forest_vs_Logistic_Regression": {
      "cohens_d": -1.9439140658548777,
      "effect_size_interpretation": "Large"
    },
    "Gradient_Boosting_vs_Logistic_Regression": {
      "cohens_d": -2.1392491255154353,
      "effect_size_interpretation": "Large"
    }
  },
  "confidence_intervals": {
    "Random_Forest_vs_Gradient_Boosting": {
      "difference_mean": -0.016067251461988175,
      "ci_lower": -0.04060501628219525,
      "ci_upper": 0.008470513358218894,
      "contains_zero": "True"
    },
    "Random_Forest_vs_Logistic_Regression": {
      "difference_mean": -0.06005847953216381,
      "ci_lower": -0.08316757360862698,
      "ci_upper": -0.03694938545570064,
      "contains_zero": "False"
    },
    "Gradient_Boosting_vs_Logistic_Regression": {
      "difference_mean": -0.043991228070175636,
      "ci_lower": -0.05937243349787069,
      "ci_upper": -0.028610022642480578,
      "contains_zero": "False"
    }
  },
  "pairwise_comparisons": {
    "Random_Forest_vs_Gradient_Boosting": {
      "paired_ttest": {
        "statistic": -1.558039353721734,
        "p_value": 0.14153695870618924,
        "significant": "False"
      },
      "wilcoxon": {
        "statistic": 32.5,
        "p_value": 0.2089498187263008,
        "significant": "False"
      }
    },
    "Random_Forest_vs_Logistic_Regression": {
      "paired_ttest": {
        "statistic": -6.6838203754085015,
        "p_value": 1.0374278580797444e-05,
        "significant": "True"
      },
      "wilcoxon": {
        "statistic": 0.0,
        "p_value": 0.0006467491225764764,
        "significant": "True"
      }
    },
    "Gradient_Boosting_vs_Logistic_Regression": {
      "paired_ttest": {
        "statistic": -6.015097127146846,
        "p_value": 3.17142973794663e-05,
        "significant": "True"
      },
      "wilcoxon": {
        "statistic": 1.0,
        "p_value": 0.0012182067404331491,
        "significant": "True"
      }
    }
  },
  "overall_analysis": {
    "anova_test": {
      "f_statistic": 17.730092104854826,
      "p_value": 2.6156887456376023e-06,
      "significant": "True"
    },
    "friedman_test": {
      "statistic": 19.896551724137918,
      "p_value": 4.780999394043202e-05,
      "significant": "True",
      "models_tested": [
        "Random_Forest",
        "Gradient_Boosting",
        "Logistic_Regression"
      ]
    },
    "number_of_models": 3,
    "total_comparisons": 3,
    "significant_differences": 3
  }
}