{
  "Random_Forest": {
    "accuracy": {
      "test_scores": [
        0.9027777777777778,
        0.9090909090909091,
        0.9020979020979021,
        0.8811188811188811,
        0.8811188811188811,
        0.8881118881118881,
        0.8741258741258742,
        0.9230769230769231,
        0.9090909090909091,
        0.8671328671328671
      ],
      "train_scores": [
        0.9875679875679876,
        0.9906832298136646,
        0.9875776397515528,
        0.9836956521739131,
        0.9937888198757764,
        0.9875776397515528,
        0.9914596273291926,
        0.9899068322981367,
        0.9906832298136646,
        0.9868012422360248
      ],
      "test_mean": 0.8937742812742812,
      "test_std": 0.017106707626834725,
      "train_mean": 0.9889741900611465,
      "train_std": 0.0027300602451738416
    },
    "precision_macro": {
      "test_scores": [
        0.9104938271604938,
        0.9187259894576968,
        0.9093296512887156,
        0.8873456790123457,
        0.8716449242765032,
        0.9099024670109007,
        0.8953194738078459,
        0.9196921249591951,
        0.9216231441603518,
        0.9114663114663116
      ],
      "train_scores": [
        0.9896743152571558,
        0.9916152350975683,
        0.9871630370945564,
        0.9854633698554179,
        0.9943420651188374,
        0.9896851732782824,
        0.993145625583871,
        0.9911423459145375,
        0.9916294440207721,
        0.9886841722772814
      ],
      "test_mean": 0.905554359260036,
      "test_std": 0.015199477621383125,
      "train_mean": 0.990254478349828,
      "train_std": 0.002554131643796385
    },
    "recall_macro": {
      "test_scores": [
        0.8782908885116015,
        0.8798062578707739,
        0.873028291449344,
        0.8640746009167062,
        0.8573494547178758,
        0.8629239766081871,
        0.8343859649122808,
        0.9157894736842106,
        0.8785964912280702,
        0.816608187134503
      ],
      "train_scores": [
        0.9832594576665775,
        0.9864716788760809,
        0.9835603466843486,
        0.9784017198117706,
        0.9923889403214261,
        0.9820672351780949,
        0.9877160923541014,
        0.9872273593942996,
        0.987224450269539,
        0.9810810418842092
      ],
      "test_mean": 0.8660853587033553,
      "test_std": 0.02560403367695379,
      "train_mean": 0.9849398322440448,
      "train_std": 0.0038289851878582203
    },
    "f1_macro": {
      "test_scores": [
        0.8923459268286855,
        0.896236078519015,
        0.8872627191947787,
        0.8746479827950627,
        0.8636166173008277,
        0.8827245929031952,
        0.8585285194797341,
        0.9157051788630736,
        0.896892371575916,
        0.8507332497410456
      ],
      "train_scores": [
        0.9863965399246535,
        0.9889788219612315,
        0.9853292215546383,
        0.9818443557117033,
        0.9933586546989147,
        0.9857770273872578,
        0.9903800712543882,
        0.9891575117822083,
        0.9893936383466334,
        0.9847834854101092
      ],
      "test_mean": 0.8818693237201334,
      "test_std": 0.019016039067595622,
      "train_mean": 0.9875399328031739,
      "train_std": 0.003152572387219995
    },
    "fit_time": [
      0.8698248863220215,
      0.9426388740539551,
      0.8923351764678955,
      1.0356512069702148,
      1.2774419784545898,
      1.2440688610076904,
      1.4616618156433105,
      1.3892910480499268,
      0.8522720336914062,
      0.782163143157959
    ],
    "score_time": [
      0.11246800422668457,
      0.20621705055236816,
      0.15412402153015137,
      0.13434195518493652,
      0.13294386863708496,
      0.14394807815551758,
      0.08977890014648438,
      0.09522819519042969,
      0.055505990982055664,
      0.05661606788635254
    ],
    "mean_fit_time": 1.074734902381897,
    "mean_score_time": 0.11811721324920654
  },
  "Gradient_Boosting": {
    "accuracy": {
      "test_scores": [
        0.8958333333333334,
        0.8671328671328671,
        0.8811188811188811,
        0.9020979020979021,
        0.8741258741258742,
        0.8951048951048951,
        0.8881118881118881,
        0.9300699300699301,
        0.916083916083916,
        0.8881118881118881
      ],
      "train_scores": [
        1.0,
        1.0,
        1.0,
        1.0,
        1.0,
        1.0,
        1.0,
        1.0,
        1.0,
        1.0
      ],
      "test_mean": 0.8937791375291375,
      "test_std": 0.017917856958453528,
      "train_mean": 1.0,
      "train_std": 0.0
    },
    "precision_macro": {
      "test_scores": [
        0.8881055273396893,
        0.8792882744495647,
        0.877048877048877,
        0.8975848712690818,
        0.8724786324786326,
        0.8916710875331565,
        0.8891086497890295,
        0.9190985863566713,
        0.9236608223536328,
        0.9223281199087651
      ],
      "train_scores": [
        1.0,
        1.0,
        1.0,
        1.0,
        1.0,
        1.0,
        1.0,
        1.0,
        1.0,
        1.0
      ],
      "test_mean": 0.89603734485271,
      "test_std": 0.018205955083330803,
      "train_mean": 1.0,
      "train_std": 0.0
    },
    "recall_macro": {
      "test_scores": [
        0.8931371439351065,
        0.834881332945849,
        0.8665955429113325,
        0.888580685949107,
        0.850861387703493,
        0.8893567251461989,
        0.876608187134503,
        0.9225730994152047,
        0.8940350877192982,
        0.8476023391812867
      ],
      "train_scores": [
        1.0,
        1.0,
        1.0,
        1.0,
        1.0,
        1.0,
        1.0,
        1.0,
        1.0,
        1.0
      ],
      "test_mean": 0.8764231532041379,
      "test_std": 0.025180985510649467,
      "train_mean": 1.0,
      "train_std": 0.0
    },
    "f1_macro": {
      "test_scores": [
        0.8890400604686319,
        0.8531940865035921,
        0.8708290333677331,
        0.892663210878221,
        0.8588744588744589,
        0.8903798273289798,
        0.8802960480379834,
        0.9202632153715612,
        0.907112682974752,
        0.8764641764552853
      ],
      "train_scores": [
        1.0,
        1.0,
        1.0,
        1.0,
        1.0,
        1.0,
        1.0,
        1.0,
        1.0,
        1.0
      ],
      "test_mean": 0.8839116800261199,
      "test_std": 0.01953093420718801,
      "train_mean": 1.0,
      "train_std": 0.0
    },
    "fit_time": [
      5.8164238929748535,
      5.844164133071899,
      5.797461748123169,
      5.827324867248535,
      5.864964246749878,
      5.818410158157349,
      5.824216842651367,
      5.85603404045105,
      2.3897640705108643,
      2.379592180252075
    ],
    "score_time": [
      0.03935885429382324,
      0.04089713096618652,
      0.04034709930419922,
      0.03891730308532715,
      0.039537906646728516,
      0.0383000373840332,
      0.04100918769836426,
      0.02201700210571289,
      0.01283884048461914,
      0.012887716293334961
    ],
    "mean_fit_time": 5.141835618019104,
    "mean_score_time": 0.03261110782623291
  },
  "Logistic_Regression": {
    "accuracy": {
      "test_scores": [
        0.9583333333333334,
        0.9300699300699301,
        0.9300699300699301,
        0.9440559440559441,
        0.8881118881118881,
        0.958041958041958,
        0.9090909090909091,
        0.9440559440559441,
        0.9440559440559441,
        0.9300699300699301
      ],
      "train_scores": [
        0.9355089355089355,
        0.9394409937888198,
        0.9394409937888198,
        0.9355590062111802,
        0.9417701863354038,
        0.937888198757764,
        0.9386645962732919,
        0.937111801242236,
        0.9355590062111802,
        0.937111801242236
      ],
      "test_mean": 0.933595571095571,
      "test_std": 0.0206018815507778,
      "train_mean": 0.9378055519359867,
      "train_std": 0.0019530339513202835
    },