{
  "Random_Forest": {
    "accuracy": {
      "test_scores": [
        0.8333333333333334,
        0.875,
        0.9375,
        0.8958333333333334,
        0.875,
        0.875,
        0.9157894736842105,
        0.8736842105263158,
        0.9473684210526315,
        0.9157894736842105,
        0.8631578947368421,
        0.8210526315789474,
        0.9263157894736842,
        0.8210526315789474,
        0.8631578947368421
      ],
      "train_scores": [
        0.9730337078651685,
        0.9775280898876404,
        0.9767790262172285,
        0.9782771535580524,
        0.9707865168539326,
        0.9737827715355806,
        0.9752994011976048,
        0.9752994011976048,
        0.9782934131736527,
        0.9760479041916168,
        0.9760479041916168,
        0.9767964071856288,
        0.9745508982035929,
        0.9760479041916168,
        0.9723053892215568
      ],
      "test_mean": 0.8826023391812865,
      "test_std": 0.03873874524769511,
      "train_mean": 0.975391725911473,
      "train_std": 0.002099292277468985
    },
    "precision_macro": {
      "test_scores": [
        0.8414502164502164,
        0.8757926661152468,
        0.9350496329662997,
        0.8976107722910792,
        0.8905749164563869,
        0.8878066378066379,
        0.9134699931140421,
        0.8800574217628481,
        0.9533333333333333,
        0.9164341831008498,
        0.8690841379013422,
        0.822857142857143,
        0.9300217864923747,
        0.8224836601307189,
        0.8641534391534392
      ],
      "train_scores": [
        0.9737374794309872,
        0.978275748358112,
        0.9774065211784929,
        0.9786855707197244,
        0.9716544345949529,
        0.9748683957799239,
        0.976409735867485,
        0.9763140254841733,
        0.9789374004261173,
        0.9766138878064331,
        0.9761916234614835,
        0.9767665945234136,
        0.9751374176467683,
        0.9764026374848953,
        0.973489006247627
      ],
      "test_mean": 0.8866786626621305,
      "test_std": 0.037964411962419876,
      "train_mean": 0.9760593652673727,
      "train_std": 0.0019443515061824267
    },
    "recall_macro": {
      "test_scores": [
        0.8235318651985318,
        0.8715069235902569,
        0.9350496329662997,
        0.8870745745745746,
        0.8662412412412412,
        0.8667625959292625,
        0.9198934511434512,
        0.8651903651903652,
        0.9421296296296297,
        0.9174382716049383,
        0.8665123456790124,
        0.8206018518518517,
        0.9259259259259259,
        0.8182870370370371,
        0.8576388888888888
      ],
      "train_scores": [
        0.9718004115513112,
        0.9768866304360282,
        0.975567702637453,
        0.9778284938578569,
        0.9701832344873061,
        0.9736405380519265,
        0.9752906170945809,
        0.9748707588663894,
        0.9777859457630528,
        0.9756308047266322,
        0.9762614015765063,
        0.9765713890980279,
        0.9741640680526373,
        0.9757389238240334,
        0.9715044935845523
      ],
      "test_mean": 0.8789189733634177,
      "test_std": 0.039907043395654235,
      "train_mean": 0.9749150275738864,
      "train_std": 0.0022037058161751928
    },
    "f1_macro": {
      "test_scores": [
        0.8286510806854387,
        0.8732680758500023,
        0.9350496329662997,
        0.8900478468899521,
        0.8736772486772487,
        0.8727668845315905,
        0.9154641654641654,
        0.8671961611648878,
        0.9460624265378086,
        0.9168037665690248,
        0.8642466554045939,
        0.8206987812831832,
        0.9261797026502908,
        0.8197358197358198,
        0.8593633141482132
      ],
      "train_scores": [
        0.9727050130985596,
        0.9775499202804946,
        0.9764249570189314,
        0.9782370318039693,
        0.9708747457719387,
        0.9742194762299127,
        0.9758234205455542,
        0.9755365617076951,
        0.9783396666944104,
        0.9761034381428152,
        0.976216447588996,
        0.976659048678243,
        0.9746104614277508,
        0.9760619140443701,
        0.9724289995563845
      ],
      "test_mean": 0.8806141041705682,
      "test_std": 0.039153976591360745,
      "train_mean": 0.9754527401726685,
      "train_std": 0.002070245912289457
    },
    "fit_time": [
      1.9497220516204834,
      2.0233750343322754,
      1.8176209926605225,
      2.0479648113250732,
      1.9381611347198486,
      1.8274857997894287,
      2.2830159664154053,
      2.289918899536133,
      1.768888235092163,
      1.7367660999298096,
      1.7277679443359375,
      1.7203199863433838,
      1.7063088417053223,
      1.6106150150299072,
      2.063103199005127
    ],
    "score_time": [
      0.11855101585388184,
      0.11181902885437012,
      0.12901902198791504,
      0.11564111709594727,
      0.11502695083618164,
      0.12499499320983887,
      0.1319420337677002,
      0.12949800491333008,
      0.12769293785095215,
      0.12324786186218262,
      0.12584996223449707,
      0.12752985954284668,
      0.12699103355407715,
      0.14937329292297363,
      0.04753994941711426
    ],
    "mean_fit_time": 1.900735600789388,
    "mean_score_time": 0.12031447092692057
  },
  "Gradient_Boosting": {
    "accuracy": {
      "test_scores": [
        0.8645833333333334,
        0.8854166666666666,
        0.9375,
        0.90625,
        0.8958333333333334,
        0.90625,
        0.8947368421052632,
        0.8526315789473684,
        0.8842105263157894,
        0.9052631578947369,
        0.9263157894736842,
        0.9157894736842105,
        0.9157894736842105,
        0.8736842105263158,
        0.9157894736842105
      ],
      "train_scores": [
        1.0,
        1.0,
        1.0,
        1.0,
        1.0,
        1.0,
        1.0,
        1.0,
        1.0,
        1.0,
        1.0,
        1.0,
        1.0,
        1.0,
        1.0
      ],
      "test_mean": 0.8986695906432747,
      "test_std": 0.02254423889062919,
      "train_mean": 1.0,
      "train_std": 0.0
    },
    "precision_macro": {
      "test_scores": [
        0.8744588744588745,
        0.885419902661282,
        0.9353535353535354,
        0.9077311577311576,
        0.9131652661064426,
        0.9104700854700855,
        0.8930758715704951,
        0.8778941048444594,
        0.8896901709401709,
        0.9066811909949165,
        0.9313292071912761,
        0.9164341831008498,
        0.9205026455026455,
        0.875,
        0.916485112563544
      ],
      "train_scores": [
        1.0,
        1.0,
        1.0,
        1.0,
        1.0,
        1.0,
        1.0,
        1.0,
        1.0,
        1.0,
        1.0,
        1.0,
        1.0,
        1.0,
        1.0
      ],
      "test_mean": 0.9035794205659824,
      "test_std": 0.019186103984410056,
      "train_mean": 1.0,
      "train_std": 0.0
    },
    "recall_macro": {
      "test_scores": [
        0.8533742075408742,
        0.8871892726059393,
        0.9412016182849516,
        0.8994202535869203,
        0.8837379045712379,
        0.9032782782782783,
        0.8942524255024255,
        0.8395493395493395,
        0.8792438271604938,
        0.9070216049382717,
        0.9263117283950617,
        0.9174382716049383,
        0.9135802469135802,
        0.875,
        0.9174382716049383
      ],
      "train_scores": [
        1.0,
        1.0,
        1.0,
        1.0,
        1.0,
        1.0,
        1.0,
        1.0,
        1.0,
        1.0,
        1.0,
        1.0,
        1.0,
        1.0,
        1.0
      ],
      "test_mean": 0.8958691500358167,
      "test_std": 0.02624574650960567,
      "train_mean": 1.0,
      "train_std": 0.0
    },