{
  "Random_Forest": {
    "accuracy": {
      "test_scores": [
        0.8875,
        0.8875,
        0.86875,
        0.90625,
        0.84375,
        0.85,
        0.88125,
        0.9125,
        0.9125,
        0.86875
      ],
      "train_scores": [
        0.9986111111111111,
        1.0,
        0.9993055555555556,
        0.9993055555555556,
        0.9993055555555556,
        0.9993055555555556,
        0.9972222222222222,
        0.9986111111111111,
        0.9993055555555556,
        1.0
      ],
      "test_mean": 0.881875,
      "test_std": 0.023124999999999993,
      "train_mean": 0.9990972222222222,
      "train_std": 0.0007638888888888861
    },
    "precision_macro": {
      "test_scores": [
        0.8865766859482491,
        0.8792041292041293,
        0.8775431880220103,
        0.9154462062381277,
        0.8423076923076923,
        0.8522567615033368,
        0.8845022624434389,
        0.914603948831516,
        0.9159594376985681,
        0.886151003611321
      ],
      "train_scores": [
        0.9989035087719298,
        1.0,
        0.99945085118067,
        0.99945085118067,
        0.99945085118067,
        0.99945085118067,
        0.9974734289427271,
        0.9989017023613399,
        0.9994499449944995,
        1.0
      ],
      "test_mean": 0.885455131580839,
      "test_std": 0.023974544944244135,
      "train_mean": 0.9992531989793175,
      "train_std": 0.0006872999775214957
    },
    "recall_macro": {
      "test_scores": [
        0.8805133993896067,
        0.8805133993896067,
        0.8668283233691487,
        0.8984001560823334,
        0.8410050587399139,
        0.8398971528910071,
        0.8797399556837661,
        0.9147152194211018,
        0.9066013071895425,
        0.8439869281045752
      ],
      "train_scores": [
        0.9983871716327858,
        1.0,
        0.9991181657848324,
        0.9992690058479532,
        0.9991181657848324,
        0.9991181657848324,
        0.9971061224752383,
        0.9985412107950401,
        0.9991181657848324,
        1.0
      ],
      "test_mean": 0.8752200900260603,
      "test_std": 0.02573468347884361,
      "train_mean": 0.9989776173890347,
      "train_std": 0.0007934749627659671
    },
    "f1_macro": {
      "test_scores": [
        0.8824134046747396,
        0.879812800609939,
        0.8712669683257919,
        0.904775176514307,
        0.8410311118548579,
        0.8449094115760781,
        0.8818989484393226,
        0.9141861806786635,
        0.9096203005470307,
        0.855331841909023
      ],
      "train_scores": [
        0.998643451796639,
        1.0,
        0.9992836981268051,
        0.9993593009502798,
        0.9992836981268051,
        0.9992836981268051,
        0.9972872674135717,
        0.9987189508424527,
        0.9992832442857326,
        1.0
      ],
      "test_mean": 0.8785246145129755,
      "test_std": 0.024662262624895598,
      "train_mean": 0.9991143309669092,
      "train_std": 0.0007388931480720385
    },
    "fit_time": [
      0.6450378894805908,
      0.6864843368530273,
      0.6125771999359131,
      0.6816072463989258,
      1.0899410247802734,
      0.6198320388793945,
      1.048583984375,
      1.2733802795410156,
      0.4383840560913086,
      0.44287896156311035
    ],
    "score_time": [
      0.1611340045928955,
      0.09395194053649902,
      0.11702680587768555,
      0.1330265998840332,
      0.08018875122070312,
      0.18071889877319336,
      0.0693061351776123,
      0.07462191581726074,
      0.054947853088378906,
      0.05248308181762695
    ],
    "mean_fit_time": 0.7538707017898559,
    "mean_score_time": 0.10174059867858887
  },
  "Gradient_Boosting": {
    "accuracy": {
      "test_scores": [
        0.9375,
        0.89375,
        0.875,
        0.91875,
        0.8875,
        0.85625,
        0.89375,
        0.9,
        0.925,
        0.875
      ],
      "train_scores": [
        1.0,
        1.0,
        1.0,
        1.0,
        1.0,
        1.0,
        1.0,
        1.0,
        1.0,
        1.0
      ],
      "test_mean": 0.89625,
      "test_std": 0.02375000000000001,
      "train_mean": 1.0,
      "train_std": 0.0
    },
    "precision_macro": {
      "test_scores": [
        0.9342328897732455,
        0.8863903647612806,
        0.8838324961981107,
        0.9191723200908269,
        0.8850214059602003,
        0.855872388481084,
        0.8909056956115778,
        0.8969358065102746,
        0.9257936507936507,
        0.8806267674192202
      ],
      "train_scores": [
        1.0,
        1.0,
        1.0,
        1.0,
        1.0,
        1.0,
        1.0,
        1.0,
        1.0,
        1.0
      ],
      "test_mean": 0.8958783785599472,
      "test_std": 0.02262860117456532,
      "train_mean": 1.0,
      "train_std": 0.0
    },
    "recall_macro": {
      "test_scores": [
        0.9366821355407836,
        0.887049347102025,
        0.873364271081567,
        0.9186351157378375,
        0.8848753431720947,
        0.8535961648340927,
        0.8896902044399849,
        0.9049112978524744,
        0.9219794584500467,
        0.8584873949579833
      ],
      "train_scores": [
        1.0,
        1.0,
        1.0,
        1.0,
        1.0,
        1.0,
        1.0,
        1.0,
        1.0,
        1.0
      ],
      "test_mean": 0.892927073316889,
      "test_std": 0.02605502258247319,
      "train_mean": 1.0,
      "train_std": 0.0
    },
    "f1_macro": {
      "test_scores": [
        0.9353973168214654,
        0.8865490881977882,
        0.8776772247360483,
        0.918721859114016,
        0.8847803010770671,
        0.8537065976931437,
        0.8902526760612569,
        0.8996970757551986,
        0.9236912156166815,
        0.864870778066457
      ],
      "train_scores": [
        1.0,
        1.0,
        1.0,
        1.0,
        1.0,
        1.0,
        1.0,
        1.0,
        1.0,
        1.0
      ],
      "test_mean": 0.8935344133139124,
      "test_std": 0.024758492703016402,
      "train_mean": 1.0,
      "train_std": 0.0
    },
    "fit_time": [
      8.649080038070679,
      8.590288877487183,
      8.574096202850342,
      8.610930919647217,
      8.723142147064209,
      8.610835790634155,
      8.683511018753052,
      8.577317237854004,
      4.385436296463013,
      4.428204774856567
    ],
    "score_time": [
      0.032019853591918945,
      0.030547142028808594,
      0.031414031982421875,
      0.029966115951538086,
      0.02808690071105957,
      0.030152082443237305,
      0.022588014602661133,
      0.03024578094482422,
      0.014207839965820312,
      0.01335287094116211
    ],
    "mean_fit_time": 7.783284330368042,
    "mean_score_time": 0.026258063316345216
  },
  "Logistic_Regression": {
    "accuracy": {
      "test_scores": [
        0.98125,
        0.94375,
        0.95625,
        0.9375,
        0.94375,
        0.94375,
        0.90625,
        0.9375,
        0.95,
        0.94375
      ],
      "train_scores": [
        0.9472222222222222,
        0.9493055555555555,
        0.95,
        0.9541666666666667,
        0.9527777777777777,
        0.9534722222222223,
        0.9555555555555556,
        0.9513888888888888,
        0.9527777777777777,
        0.9534722222222223
      ],
      "test_mean": 0.944375,
      "test_std": 0.017555714881485166,
      "train_mean": 0.9520138888888889,
      "train_std": 0.002394574951328735
    },
    "precision_macro": {
      "test_scores": [
        0.977829457364341,
        0.9426099302744039,
        0.9576812076812077,
        0.9381983142449105,
        0.9426192296110996,
        0.9437667875834187,
        0.906002331002331,
        0.9365809839690437,
        0.9477836691410392,
        0.9547044917257684
      ],