{
  "Random_Forest": {
    "accuracy": {
      "test_scores": [
        0.9236111111111112,
        0.8811188811188811,
        0.9090909090909091,
        0.916083916083916,
        0.8671328671328671,
        0.8881118881118881,
        0.8741258741258742,
        0.916083916083916,
        0.8671328671328671,
        0.8881118881118881
      ],
      "train_scores": [
        0.9797979797979798,
        0.984472049689441,
        0.9805900621118012,
        0.9759316770186336,
        0.9813664596273292,
        0.9805900621118012,
        0.985248447204969,
        0.9813664596273292,
        0.9821428571428571,
        0.9782608695652174
      ],
      "test_mean": 0.8930604118104117,
      "test_std": 0.02035940411964878,
      "train_mean": 0.9809766923897358,
      "train_std": 0.002581576884598314
    },
    "precision_macro": {
      "test_scores": [
        0.9250740899221858,
        0.8884742080179423,
        0.9131356631356632,
        0.9188034188034188,
        0.8669825814129611,
        0.8931623931623932,
        0.8924713403880071,
        0.9061947442229132,
        0.8691180068957847,
        0.9329501915708813
      ],
      "train_scores": [
        0.9807244517645207,
        0.9862215313960095,
        0.9817236354576768,
        0.9780441864144623,
        0.981490155119712,
        0.98047825414399,
        0.9849774930535271,
        0.9825193145929579,
        0.9834733201041742,
        0.9807790392696053
      ],
      "test_mean": 0.9006366637532152,
      "test_std": 0.02134241236413519,
      "train_mean": 0.9820431381316634,
      "train_std": 0.0022478167662267896
    },
    "recall_macro": {
      "test_scores": [
        0.9109149217128844,
        0.8546430301269011,
        0.8996917970602181,
        0.8998735577682946,
        0.841852378694484,
        0.871578947368421,
        0.8477192982456141,
        0.911345029239766,
        0.8342690058479533,
        0.8456140350877193
      ],
      "train_scores": [
        0.9741497213369787,
        0.9800803317767691,
        0.9742263771083176,
        0.9697994197264969,
        0.9769181111135888,
        0.9756642515797402,
        0.9822993020496323,
        0.9771290386780116,
        0.9769027900559956,
        0.9717325266843747
      ],
      "test_mean": 0.8717502001152256,
      "test_std": 0.029198064329120758,
      "train_mean": 0.9758901870109906,
      "train_std": 0.0034997561565940105
    },
    "f1_macro": {
      "test_scores": [
        0.9161138267315332,
        0.8691190498169176,
        0.9059924232338025,
        0.907552973342447,
        0.8517929721664865,
        0.8807401748578219,
        0.8662820573446194,
        0.906601994692597,
        0.8488733488733488,
        0.8779335645007286
      ],
      "train_scores": [
        0.9773616717096733,
        0.983077853530765,
        0.977876616599473,
        0.9738012096088181,
        0.9791648454633711,
        0.9780306262833145,
        0.9836212407977766,
        0.9797554647853403,
        0.9801086709287823,
        0.9761149518215585
      ],
      "test_mean": 0.8831002385560304,
      "test_std": 0.02329470345161878,
      "train_mean": 0.9788913151528874,
      "train_std": 0.0028271965627444033
    },
    "fit_time": [
      0.2085418701171875,
      0.19689130783081055,
      0.2920262813568115,
      0.3069345951080322,
      0.29503941535949707,
      0.29775357246398926,
      0.3089745044708252,
      0.29285383224487305,
      0.5707557201385498,
      0.2965872287750244
    ],
    "score_time": [
      0.04296588897705078,
      0.042374372482299805,
      0.06258797645568848,
      0.05176234245300293,
      0.05241513252258301,
      0.04906940460205078,
      0.05254817008972168,
      0.05043172836303711,
      0.04187655448913574,
      0.05002403259277344
    ],
    "mean_fit_time": 0.30663583278656004,
    "mean_score_time": 0.04960556030273437
  },
  "Gradient_Boosting": {
    "accuracy": {
      "test_scores": [
        0.9305555555555556,
        0.9020979020979021,
        0.8881118881118881,
        0.9020979020979021,
        0.8741258741258742,
        0.9090909090909091,
        0.8881118881118881,
        0.916083916083916,
        0.8741258741258742,
        0.9230769230769231
      ],
      "train_scores": [
        1.0,
        1.0,
        1.0,
        1.0,
        1.0,
        1.0,
        1.0,
        1.0,
        1.0,
        1.0
      ],
      "test_mean": 0.9007478632478634,
      "test_std": 0.018526542901413,
      "train_mean": 1.0,
      "train_std": 0.0
    },
    "precision_macro": {
      "test_scores": [
        0.927884980051275,
        0.8981147884373691,
        0.8793113996849141,
        0.8985656744277434,
        0.8629365079365079,
        0.9056271891585984,
        0.8922889133859598,
        0.902003727865797,
        0.8715359734242504,
        0.9452380952380953
      ],
      "train_scores": [
        1.0,
        1.0,
        1.0,
        1.0,
        1.0,
        1.0,
        1.0,
        1.0,
        1.0,
        1.0
      ],
      "test_mean": 0.8983507249610512,
      "test_std": 0.0234723882039558,
      "train_mean": 1.0,
      "train_std": 0.0
    },
    "recall_macro": {
      "test_scores": [
        0.9259950952650443,
        0.8897219800445608,
        0.8886360044254782,
        0.888580685949107,
        0.8622095779990517,
        0.911578947368421,
        0.8695906432748538,
        0.9026900584795322,
        0.8433918128654971,
        0.8894736842105263
      ],
      "train_scores": [
        1.0,
        1.0,
        1.0,
        1.0,
        1.0,
        1.0,
        1.0,
        1.0,
        1.0,
        1.0
      ],
      "test_mean": 0.8871868489882072,
      "test_std": 0.022822355258231543,
      "train_mean": 1.0,
      "train_std": 0.0
    },
    "f1_macro": {
      "test_scores": [
        0.9249268100492206,
        0.8936364208011067,
        0.8837887067395265,
        0.8933820610161449,
        0.8617971052316794,
        0.9085071022809528,
        0.8798724082934609,
        0.9020569794088166,
        0.8540416628203946,
        0.9121315681150263
      ],
      "train_scores": [
        1.0,
        1.0,
        1.0,
        1.0,
        1.0,
        1.0,
        1.0,
        1.0,
        1.0,
        1.0
      ],
      "test_mean": 0.8914140824756329,
      "test_std": 0.02105181968145392,
      "train_mean": 1.0,
      "train_std": 0.0
    },
    "fit_time": [
      1.6657261848449707,
      1.7421250343322754,
      1.724261999130249,
      1.7529678344726562,
      1.7429497241973877,
      1.7491049766540527,
      1.7295911312103271,
      1.9895145893096924,
      1.9806256294250488,
      1.6821544170379639
    ],
    "score_time": [
      0.024061918258666992,
      0.018845081329345703,
      0.035453081130981445,
      0.0160830020904541,
      0.01965045928955078,
      0.03623366355895996,
      0.0458834171295166,
      0.011104106903076172,
      0.011183738708496094,
      0.04678940773010254
    ],
    "mean_fit_time": 1.7759021520614624,
    "mean_score_time": 0.02652878761291504
  },
  "Logistic_Regression": {
    "accuracy": {
      "test_scores": [
        0.9583333333333334,
        0.916083916083916,
        0.9300699300699301,
        0.958041958041958,
        0.9020979020979021,
        0.951048951048951,
        0.9020979020979021,
        0.9440559440559441,
        0.9440559440559441,
        0.9230769230769231
      ],
      "train_scores": [
        0.9355089355089355,
        0.9394409937888198,
        0.9386645962732919,
        0.9340062111801242,
        0.9440993788819876,
        0.9355590062111802,
        0.937888198757764,
        0.9394409937888198,
        0.9332298136645962,
        0.937888198757764
      ],
      "test_mean": 0.9328962703962704,
      "test_std": 0.02035212088192263,
      "train_mean": 0.9375726326813283,
      "train_std": 0.0030143736948846683
    },