Model,CV_Accuracy_Mean,CV_Accuracy_Std,CV_Precision_Mean,CV_Recall_Mean,CV_F1_Mean,Test_Accuracy,Test_Precision,Test_Recall,Test_F1,Training_Time,Prediction_Time
Random_Forest,0.881875,0.023124999999999993,0.885455131580839,0.8752200900260603,0.8785246145129755,0.8775,0.8799232919254658,0.8775,0.8774068125493071,0.7538707017898559,0.10174059867858887
Gradient_Boosting,0.89625,0.02375000000000001,0.8958783785599472,0.892927073316889,0.8935344133139124,0.8975,0.8997297204462601,0.8975,0.8976910307905811,7.783284330368042,0.026258063316345216
Logistic_Regression,0.944375,0.017555714881485166,0.9447776402597563,0.9429666374012292,0.9433185912669467,0.93,0.9301479020120502,0.93,0.9300014665446394,0.033833098411560056,0.01859281063079834
