Model,CV_Accuracy_Mean,CV_Accuracy_Std,CV_Precision_Mean,CV_Recall_Mean,CV_F1_Mean,Test_Accuracy,Test_Precision,Test_Recall,Test_F1,Training_Time,Prediction_Time
Random_Forest,0.8826023391812865,0.03873874524769511,0.8866786626621305,0.8789189733634177,0.8806141041705682,0.8854748603351955,0.8858183487773588,0.8854748603351955,0.885432836612551,1.900735600789388,0.12031447092692057
Gradient_Boosting,0.8986695906432747,0.02254423889062919,0.9035794205659824,0.8958691500358167,0.897205695372206,0.8938547486033519,0.8939034581467288,0.8938547486033519,0.8938676076489526,7.87620906829834,0.030347061157226563
Logistic_Regression,0.9426608187134503,0.016766612579488156,0.9435424788957287,0.9452260535593869,0.9428115756678103,0.9581005586592178,0.9584723766381097,0.9581005586592178,0.9579923242485042,0.04961784680684408,0.031092754999796548
