Model,CV_Accuracy_Mean,CV_Accuracy_Std,CV_Precision_Mean,CV_Recall_Mean,CV_F1_Mean,Test_Accuracy,Test_Precision,Test_Recall,Test_F1,Training_Time,Prediction_Time
Random_Forest,0.8937742812742812,0.017106707626834725,0.905554359260036,0.8660853587033553,0.8818693237201334,0.8966480446927374,0.8984818913240701,0.8966480446927374,0.89415488372874,1.074734902381897,0.11811721324920654
Gradient_Boosting,0.8937791375291375,0.017917856958453528,0.89603734485271,0.8764231532041379,0.8839116800261199,0.8854748603351955,0.8876259122323149,0.8854748603351955,0.8829129085652622,5.141835618019104,0.03261110782623291
Logistic_Regression,0.933595571095571,0.0206018815507778,0.9325580638592521,0.9267770028092608,0.9285704257858407,0.9413407821229051,0.9412352118175948,0.9413407821229051,0.9410154172875814,0.027779054641723634,0.017905259132385255
