{
  "preprocessing_method": "standard",
  "missing_value_strategy": "mean",
  "categorical_encoding": "label",
  "scalers_used": [
    "features"
  ],
  "encoders_used": [
    "แผนก"
  ],
  "feature_statistics": {
    "before_normalization": {
      "mean": {
        "คะแนนคณิตศาสตร์": 64.9017328116266,
        "คะแนนคอมพิวเตอร์": 64.96707657909447,
        "คะแนนภาษาไทย": 64.47227501397428,
        "คะแนนวิทยาศาสตร์": 64.69776411403019,
        "คะแนนศิลปะ": 63.802124091671324,
        "ทักษะการคิดเชิงตรรกะ": 6.515930687534936,
        "ทักษะความคิดสร้างสรรค์": 6.521464505310229,
        "ทักษะการแก้ปัญหา": 6.445556176634992,
        "ความสนใจด้านตัวเลข": 5.501732811626607,
        "ความสนใจด้านเทคโนโลยี": 5.597484628283957,
        "ความสนใจด้านการทำอาหาร": 5.62448295136948,
        "อายุ": 17.497484628283956,
        "เพศ": 0.48630519843487985,
        "รายได้ครอบครัว": 2.967020681945221,
        "การศึกษาของผู้ปกครอง": 2.5125768585802124,
        "จำนวนพี่น้อง": 1.524315259921744,
        "ชั่วโมงการนอน": 7.536892118501957,
        "ความถี่การออกกำลังกาย": 2.5366126327557295,
        "ชั่วโมงใช้โซเชียลมีเดีย": 2.8912800447177194,
        "ชอบอ่านหนังสือ": 0.3521520402459475,
        "ประเภทเพลงที่ชอบ": 1.9776411403018446,
        "ชั้นปี": 1.8647288988261599,
        "GPA": 3.101430967020682,
        "ความพึงพอใจในแผนก": 3.845164896590274,
        "หากเลือกใหม่จะเลือกแผนกเดิมไหม": 2.18278367803242
      },
      "std": {
        "คะแนนคณิตศาสตร์": 20.509446787035138,
        "คะแนนคอมพิวเตอร์": 20.184493721834396,
        "คะแนนภาษาไทย": 20.124450398107545,
        "คะแนนวิทยาศาสตร์": 20.256049322311252,
        "คะแนนศิลปะ": 19.854076043232382,
        "ทักษะการคิดเชิงตรรกะ": 1.989181587158894,
        "ทักษะความคิดสร้างสรรค์": 2.0447094063669553,
        "ทักษะการแก้ปัญหา": 2.043768448131373,
        "ความสนใจด้านตัวเลข": 2.6125390964271054,
        "ความสนใจด้านเทคโนโลยี": 2.555130238828431,
        "ความสนใจด้านการทำอาหาร": 2.6038419865676015,
        "อายุ": 1.1175933617210274,
        "เพศ": 0.49995216625871985,
        "รายได้ครอบครัว": 1.4246657090986776,
        "การศึกษาของผู้ปกครอง": 1.1170248066743729,
        "จำนวนพี่น้อง": 1.0884260659332918,
        "ชั่วโมงการนอน": 1.1604030774319165,
        "ความถี่การออกกำลังกาย": 1.5795200529355617,
        "ชั่วโมงใช้โซเชียลมีเดีย": 2.3615705880723366,
        "ชอบอ่านหนังสือ": 0.4777746083912453,
        "ประเภทเพลงที่ชอบ": 0.9930140900332258,
        "ชั้นปี": 0.7904860713736551,
        "GPA": 0.40774982509897884,
        "ความพึงพอใจในแผนก": 0.7227954511346427,
        "หากเลือกใหม่จะเลือกแผนกเดิมไหม": 1.34680617672896
      },
      "min": {
        "คะแนนคณิตศาสตร์": 30.3,
        "คะแนนคอมพิวเตอร์": 30.0,
        "คะแนนภาษาไทย": 30.0,
        "คะแนนวิทยาศาสตร์": 30.0,
        "คะแนนศิลปะ": 30.0,
        "ทักษะการคิดเชิงตรรกะ": 3.0,
        "ทักษะความคิดสร้างสรรค์": 3.0,
        "ทักษะการแก้ปัญหา": 3.0,
        "ความสนใจด้านตัวเลข": 1.0,
        "ความสนใจด้านเทคโนโลยี": 1.0,
        "ความสนใจด้านการทำอาหาร": 1.0,
        "อายุ": 16.0,
        "เพศ": 0.0,
        "รายได้ครอบครัว": 1.0,
        "การศึกษาของผู้ปกครอง": 1.0,
        "จำนวนพี่น้อง": 0.0,
        "ชั่วโมงการนอน": 5.0,
        "ความถี่การออกกำลังกาย": 0.0,
        "ชั่วโมงใช้โซเชียลมีเดีย": 0.5,
        "ชอบอ่านหนังสือ": 0.0,
        "ประเภทเพลงที่ชอบ": 1.0,
        "ชั้นปี": 1.0,
        "GPA": 2.01,
        "ความพึงพอใจในแผนก": 2.0,
        "หากเลือกใหม่จะเลือกแผนกเดิมไหม": 1.0
      },
      "max": {
        "คะแนนคณิตศาสตร์": 100.0,
        "คะแนนคอมพิวเตอร์": 99.9,
        "คะแนนภาษาไทย": 100.0,
        "คะแนนวิทยาศาสตร์": 100.0,
        "คะแนนศิลปะ": 99.9,
        "ทักษะการคิดเชิงตรรกะ": 10.0,
        "ทักษะความคิดสร้างสรรค์": 10.0,
        "ทักษะการแก้ปัญหา": 10.0,
        "ความสนใจด้านตัวเลข": 10.0,
        "ความสนใจด้านเทคโนโลยี": 10.0,
        "ความสนใจด้านการทำอาหาร": 10.0,
        "อายุ": 19.0,
        "เพศ": 1.0,
        "รายได้ครอบครัว": 5.0,
        "การศึกษาของผู้ปกครอง": 4.0,
        "จำนวนพี่น้อง": 3.0,
        "ชั่วโมงการนอน": 10.0,
        "ความถี่การออกกำลังกาย": 7.0,
        "ชั่วโมงใช้โซเชียลมีเดีย": 8.0,
        "ชอบอ่านหนังสือ": 1.0,
        "ประเภทเพลงที่ชอบ": 4.0,
        "ชั้นปี": 3.0,
        "GPA": 4.0,
        "ความพึงพอใจในแผนก": 5.0,
        "หากเลือกใหม่จะเลือกแผนกเดิมไหม": 5.0
      }
    },
    "after_normalization": {
      "mean": {
        "คะแนนคณิตศาสตร์": 2.720635964201613e-16,
        "คะแนนคอมพิวเตอร์": -5.163250734981164e-17,
        "คะแนนภาษาไทย": 2.2241695473765014e-16,
        "คะแนนวิทยาศาสตร์": -4.031307304619909e-16,
        "คะแนนศิลปะ": 3.624204842823317e-17,
        "ทักษะการคิดเชิงตรรกะ": 3.574558201140806e-17,
        "ทักษะความคิดสร้างสรรค์": 2.879505217585649e-17,
        "ทักษะการแก้ปัญหา": -9.532155203042149e-17,
        "ความสนใจด้านตัวเลข": -8.73780893612197e-17,
        "ความสนใจด้านเทคโนโลยี": 2.0355123089829588e-16,
        "ความสนใจด้านการทำอาหาร": 2.0156536523099544e-16,
        "อายุ": 9.293851322966096e-16,
        "เพศ": -3.872438051235873e-17,
        "รายได้ครอบครัว": -1.0376148111644839e-16,
        "การศึกษาของผู้ปกครอง": 2.7802119342206267e-17,
        "จำนวนพี่น้อง": 3.1773850676807164e-17,
        "ชั่วโมงการนอน": -1.8667137272624209e-16,
        "ความถี่การออกกำลังกาย": 9.929328336502239e-19,
        "ชั่วโมงใช้โซเชียลมีเดีย": 5.957597001901343e-18,
        "ชอบอ่านหนังสือ": -6.6526499854565e-17,
        "ประเภทเพลงที่ชอบ": 5.163250734981164e-17,
        "ชั้นปี": -6.6526499854565e-17,
        "GPA": 1.5191872354848424e-16,
        "ความพึงพอใจในแผนก": -1.6482685038593717e-16,
        "หากเลือกใหม่จะเลือกแผนกเดิมไหม": 1.826996413916412e-16
      },
      "std": {
        "คะแนนคณิตศาสตร์": 1.0002796029692553,
        "คะแนนคอมพิวเตอร์": 1.0002796029692553,
        "คะแนนภาษาไทย": 1.0002796029692553,
        "คะแนนวิทยาศาสตร์": 1.0002796029692553,
        "คะแนนศิลปะ": 1.0002796029692553,
        "ทักษะการคิดเชิงตรรกะ": 1.0002796029692553,
        "ทักษะความคิดสร้างสรรค์": 1.0002796029692556,
        "ทักษะการแก้ปัญหา": 1.0002796029692553,
        "ความสนใจด้านตัวเลข": 1.0002796029692553,
        "ความสนใจด้านเทคโนโลยี": 1.0002796029692553,
        "ความสนใจด้านการทำอาหาร": 1.0002796029692553,
        "อายุ": 1.0002796029692553,
        "เพศ": 1.0002796029692553,
        "รายได้ครอบครัว": 1.0002796029692553,
        "การศึกษาของผู้ปกครอง": 1.0002796029692553,
        "จำนวนพี่น้อง": 1.0002796029692553,
        "ชั่วโมงการนอน": 1.0002796029692556,
        "ความถี่การออกกำลังกาย": 1.0002796029692553,
        "ชั่วโมงใช้โซเชียลมีเดีย": 1.0002796029692556,
        "ชอบอ่านหนังสือ": 1.000279602969255,
        "ประเภทเพลงที่ชอบ": 1.0002796029692553,
        "ชั้นปี": 1.0002796029692556,
        "GPA": 1.0002796029692553,
        "ความพึงพอใจในแผนก": 1.0002796029692553,
        "หากเลือกใหม่จะเลือกแผนกเดิมไหม": 1.0002796029692556
      },
      "min": {
        "คะแนนคณิตศาสตร์": -1.687583673916617,
        "คะแนนคอมพิวเตอร์": -1.7328576064157735,
        "คะแนนภาษาไทย": -1.713433802280025,
        "คะแนนวิทยาศาสตร์": -1.713437065621383,
        "คะแนนศิลปะ": -1.7030042189981325,
        "ทักษะการคิดเชิงตรรกะ": -1.768020463741573,
        "ทักษะความคิดสร้างสรรค์": -1.722713802887393,
        "ทักษะการแก้ปัญหา": -1.6863552069824173,
        "ความสนใจด้านตัวเลข": -1.7236073196553496,
        "ความสนใจด้านเทคโนโลยี": -1.7998182749172669,
        "ความสนใจด้านการทำอาหาร": -1.7765194640830246,
        "อายุ": -1.3402936888652925,
        "เพศ": -0.9729754237340348,
        "รายได้ครอบครัว": -1.381075331709411,
        "การศึกษาของผู้ปกครอง": -1.3544907602057912,
        "จำนวนพี่น้อง": -1.4008681992442735,
        "ชั่วโมงการนอน": -2.186827569164093,
        "ความถี่การออกกำลังกาย": -1.6063878850186473,
        "ชั่วโมงใช้โซเชียลมีเดีย": -1.0128635010105729,
        "ชอบอ่านหนังสือ": -0.7372733854319332,
        "ประเภทเพลงที่ชอบ": -0.9847941751106658,
        "ชั้นปี": -1.0942263386004805,
        "GPA": -2.6774656104261623,