{
  "preprocessing_method": "standard",
  "missing_value_strategy": "mean",
  "categorical_encoding": "label",
  "scalers_used": [
    "features"
  ],
  "encoders_used": [
    "แผนก"
  ],
  "feature_statistics": {
    "before_normalization": {
      "mean": {
        "คะแนนคณิตศาสตร์": 65.927333705981,
        "คะแนนคอมพิวเตอร์": 65.927333705981,
        "คะแนนภาษาไทย": 65.47344885410844,
        "คะแนนวิทยาศาสตร์": 65.71716042481833,
        "คะแนนศิลปะ": 64.84516489659028,
        "ทักษะการคิดเชิงตรรกะ": 6.520961430967021,
        "ทักษะความคิดสร้างสรรค์": 6.5231973169368365,
        "ทักษะการแก้ปัญหา": 6.451648965902739,
        "ความสนใจด้านตัวเลข": 5.2582448295136945,
        "ความสนใจด้านเทคโนโลยี": 5.357741755170486,
        "ความสนใจด้านการทำอาหาร": 5.3510340972610395,
        "อายุ": 17.497484628283956,
        "เพศ": 0.48630519843487985
      },
      "std": {
        "คะแนนคณิตศาสตร์": 19.998357781875775,
        "คะแนนคอมพิวเตอร์": 19.663081518979247,
        "คะแนนภาษาไทย": 19.601453925274495,
        "คะแนนวิทยาศาสตร์": 19.74701409160618,
        "คะแนนศิลปะ": 19.352871077607773,
        "ทักษะการคิดเชิงตรรกะ": 2.027835373269809,
        "ทักษะความคิดสร้างสรรค์": 2.086534986573228,
        "ทักษะการแก้ปัญหา": 2.0943980404579094,
        "ความสนใจด้านตัวเลข": 3.5268775354860016,
        "ความสนใจด้านเทคโนโลยี": 3.4288098127382374,
        "ความสนใจด้านการทำอาหาร": 3.4920451776696626,
        "อายุ": 1.1175933617210274,
        "เพศ": 0.49995216625871985
      },
      "min": {
        "คะแนนคณิตศาสตร์": 32.0,
        "คะแนนคอมพิวเตอร์": 32.0,
        "คะแนนภาษาไทย": 32.0,
        "คะแนนวิทยาศาสตร์": 32.0,
        "คะแนนศิลปะ": 32.0,
        "ทักษะการคิดเชิงตรรกะ": 3.0,
        "ทักษะความคิดสร้างสรรค์": 3.0,
        "ทักษะการแก้ปัญหา": 3.0,
        "ความสนใจด้านตัวเลข": 1.0,
        "ความสนใจด้านเทคโนโลยี": 1.0,
        "ความสนใจด้านการทำอาหาร": 1.0,
        "อายุ": 16.0,
        "เพศ": 0.0
      },
      "max": {
        "คะแนนคณิตศาสตร์": 100.0,
        "คะแนนคอมพิวเตอร์": 100.0,
        "คะแนนภาษาไทย": 100.0,
        "คะแนนวิทยาศาสตร์": 100.0,
        "คะแนนศิลปะ": 100.0,
        "ทักษะการคิดเชิงตรรกะ": 10.0,
        "ทักษะความคิดสร้างสรรค์": 10.0,
        "ทักษะการแก้ปัญหา": 10.0,
        "ความสนใจด้านตัวเลข": 10.0,
        "ความสนใจด้านเทคโนโลยี": 10.0,
        "ความสนใจด้านการทำอาหาร": 10.0,
        "อายุ": 19.0,
        "เพศ": 1.0
      }
    },
    "after_normalization": {
      "mean": {
        "คะแนนคณิตศาสตร์": -1.826996413916412e-16,
        "คะแนนคอมพิวเตอร์": -2.080194286497219e-16,
        "คะแนนภาษาไทย": 1.5886925338403582e-17,
        "คะแนนวิทยาศาสตร์": 1.161731415370762e-16,
        "คะแนนศิลปะ": -1.2808833554087889e-16,
        "ทักษะการคิดเชิงตรรกะ": -1.4298232804563224e-16,
        "ทักษะความคิดสร้างสรรค์": -1.1021554453517485e-16,
        "ทักษะการแก้ปัญหา": 1.122014102024753e-16,
        "ความสนใจด้านตัวเลข": 1.211378057053273e-16,
        "ความสนใจด้านเทคโนโลยี": 9.532155203042149e-17,
        "ความสนใจด้านการทำอาหาร": 5.957597001901343e-17,
        "อายุ": 9.293851322966096e-16,
        "เพศ": -3.872438051235873e-17
      },
      "std": {
        "คะแนนคณิตศาสตร์": 1.0002796029692556,
        "คะแนนคอมพิวเตอร์": 1.0002796029692556,
        "คะแนนภาษาไทย": 1.0002796029692553,
        "คะแนนวิทยาศาสตร์": 1.0002796029692553,
        "คะแนนศิลปะ": 1.0002796029692553,
        "ทักษะการคิดเชิงตรรกะ": 1.000279602969255,
        "ทักษะความคิดสร้างสรรค์": 1.0002796029692553,
        "ทักษะการแก้ปัญหา": 1.0002796029692553,
        "ความสนใจด้านตัวเลข": 1.0002796029692553,
        "ความสนใจด้านเทคโนโลยี": 1.0002796029692556,
        "ความสนใจด้านการทำอาหาร": 1.0002796029692556,
        "อายุ": 1.0002796029692553,
        "เพศ": 1.0002796029692553
      },
      "min": {
        "คะแนนคณิตศาสตร์": -1.6969803350543393,
        "คะแนนคอมพิวเตอร์": -1.7259156382211776,
        "คะแนนภาษาไทย": -1.708179824692794,
        "คะแนนวิทยาศาสตร์": -1.7079335481572406,
        "คะแนนศิลปะ": -1.6976472571160328,
        "ทักษะการคิดเชิงตรรกะ": -1.7368007031846702,
        "ทักษะความคิดสร้างสรรค์": -1.6890118958205362,
        "ทักษะการแก้ปัญหา": -1.6484994688247363,
        "ความสนใจด้านตัวเลข": -1.2077072153924093,
        "ความสนใจด้านเทคโนโลยี": -1.2712749994212795,
        "ความสนใจด้านการทำอาหาร": -1.2463328616551121,
        "อายุ": -1.3402936888652925,
        "เพศ": -0.9729754237340348
      },
      "max": {
        "คะแนนคณิตศาสตร์": 1.7042495931127635,
        "คะแนนคอมพิวเตอร์": 1.7333088447905969,
        "คะแนนภาษาไทย": 1.7619205699623355,
        "คะแนนวิทยาศาสตร์": 1.7365878709479425,
        "คะแนนศิลปะ": 1.8170257197845732,
        "ทักษะการคิดเชิงตรรกะ": 1.7161212218798834,
        "ทักษะความคิดสร้างสรรค์": 1.6667704255122535,
        "ทักษะการแก้ปัญหา": 1.6946841502995025,
        "ความสนใจด้านตัวเลข": 1.3448385807526662,
        "ความสนใจด้านเทคโนโลยี": 1.3542764071567122,
        "ความสนใจด้านการทำอาหาร": 1.3316739992787217,
        "อายุ": 1.344796355233263,
        "เพศ": 1.0277751889788251
      }
    }
  },
  "timestamp": "2025-07-01T09:37:56.726962"
}