{
  "preprocessing_method": "standard",
  "missing_value_strategy": "mean",
  "categorical_encoding": "label",
  "scalers_used": [
    "features"
  ],
  "encoders_used": [
    "แผนก"
  ],
  "feature_statistics": {
    "before_normalization": {
      "mean": {
        "คะแนนคณิตศาสตร์": 64.9017328116266,
        "คะแนนคอมพิวเตอร์": 64.96707657909447,
        "คะแนนภาษาไทย": 64.47227501397428,
        "คะแนนวิทยาศาสตร์": 64.69776411403019,
        "คะแนนศิลปะ": 63.802124091671324,
        "ทักษะการคิดเชิงตรรกะ": 6.515930687534936,
        "ทักษะความคิดสร้างสรรค์": 6.521464505310229,
        "ทักษะการแก้ปัญหา": 6.445556176634992,
        "ความสนใจด้านตัวเลข": 5.501732811626607,
        "ความสนใจด้านเทคโนโลยี": 5.597484628283957,
        "ความสนใจด้านการทำอาหาร": 5.62448295136948,
        "อายุ": 17.497484628283956,
        "เพศ": 0.48630519843487985
      },
      "std": {
        "คะแนนคณิตศาสตร์": 20.509446787035138,
        "คะแนนคอมพิวเตอร์": 20.184493721834396,
        "คะแนนภาษาไทย": 20.124450398107545,
        "คะแนนวิทยาศาสตร์": 20.256049322311252,
        "คะแนนศิลปะ": 19.854076043232382,
        "ทักษะการคิดเชิงตรรกะ": 1.989181587158894,
        "ทักษะความคิดสร้างสรรค์": 2.0447094063669553,
        "ทักษะการแก้ปัญหา": 2.043768448131373,
        "ความสนใจด้านตัวเลข": 2.6125390964271054,
        "ความสนใจด้านเทคโนโลยี": 2.555130238828431,
        "ความสนใจด้านการทำอาหาร": 2.6038419865676015,
        "อายุ": 1.1175933617210274,
        "เพศ": 0.49995216625871985
      },
      "min": {
        "คะแนนคณิตศาสตร์": 30.3,
        "คะแนนคอมพิวเตอร์": 30.0,
        "คะแนนภาษาไทย": 30.0,
        "คะแนนวิทยาศาสตร์": 30.0,
        "คะแนนศิลปะ": 30.0,
        "ทักษะการคิดเชิงตรรกะ": 3.0,
        "ทักษะความคิดสร้างสรรค์": 3.0,
        "ทักษะการแก้ปัญหา": 3.0,
        "ความสนใจด้านตัวเลข": 1.0,
        "ความสนใจด้านเทคโนโลยี": 1.0,
        "ความสนใจด้านการทำอาหาร": 1.0,
        "อายุ": 16.0,
        "เพศ": 0.0
      },
      "max": {
        "คะแนนคณิตศาสตร์": 100.0,
        "คะแนนคอมพิวเตอร์": 99.9,
        "คะแนนภาษาไทย": 100.0,
        "คะแนนวิทยาศาสตร์": 100.0,
        "คะแนนศิลปะ": 99.9,
        "ทักษะการคิดเชิงตรรกะ": 10.0,
        "ทักษะความคิดสร้างสรรค์": 10.0,
        "ทักษะการแก้ปัญหา": 10.0,
        "ความสนใจด้านตัวเลข": 10.0,
        "ความสนใจด้านเทคโนโลยี": 10.0,
        "ความสนใจด้านการทำอาหาร": 10.0,
        "อายุ": 19.0,
        "เพศ": 1.0
      }
    },
    "after_normalization": {
      "mean": {
        "คะแนนคณิตศาสตร์": 2.720635964201613e-16,
        "คะแนนคอมพิวเตอร์": -5.163250734981164e-17,
        "คะแนนภาษาไทย": 2.2241695473765014e-16,
        "คะแนนวิทยาศาสตร์": -4.031307304619909e-16,
        "คะแนนศิลปะ": 3.624204842823317e-17,
        "ทักษะการคิดเชิงตรรกะ": 3.574558201140806e-17,
        "ทักษะความคิดสร้างสรรค์": 2.879505217585649e-17,
        "ทักษะการแก้ปัญหา": -9.532155203042149e-17,
        "ความสนใจด้านตัวเลข": -8.73780893612197e-17,
        "ความสนใจด้านเทคโนโลยี": 2.0355123089829588e-16,
        "ความสนใจด้านการทำอาหาร": 2.0156536523099544e-16,
        "อายุ": 9.293851322966096e-16,
        "เพศ": -3.872438051235873e-17
      },
      "std": {
        "คะแนนคณิตศาสตร์": 1.0002796029692553,
        "คะแนนคอมพิวเตอร์": 1.0002796029692553,
        "คะแนนภาษาไทย": 1.0002796029692553,
        "คะแนนวิทยาศาสตร์": 1.0002796029692553,
        "คะแนนศิลปะ": 1.0002796029692553,
        "ทักษะการคิดเชิงตรรกะ": 1.0002796029692553,
        "ทักษะความคิดสร้างสรรค์": 1.0002796029692556,
        "ทักษะการแก้ปัญหา": 1.0002796029692553,
        "ความสนใจด้านตัวเลข": 1.0002796029692553,
        "ความสนใจด้านเทคโนโลยี": 1.0002796029692553,
        "ความสนใจด้านการทำอาหาร": 1.0002796029692553,
        "อายุ": 1.0002796029692553,
        "เพศ": 1.0002796029692553
      },
      "min": {
        "คะแนนคณิตศาสตร์": -1.687583673916617,
        "คะแนนคอมพิวเตอร์": -1.7328576064157735,
        "คะแนนภาษาไทย": -1.713433802280025,
        "คะแนนวิทยาศาสตร์": -1.713437065621383,
        "คะแนนศิลปะ": -1.7030042189981325,
        "ทักษะการคิดเชิงตรรกะ": -1.768020463741573,
        "ทักษะความคิดสร้างสรรค์": -1.722713802887393,
        "ทักษะการแก้ปัญหา": -1.6863552069824173,
        "ความสนใจด้านตัวเลข": -1.7236073196553496,
        "ความสนใจด้านเทคโนโลยี": -1.7998182749172669,
        "ความสนใจด้านการทำอาหาร": -1.7765194640830246,
        "อายุ": -1.3402936888652925,
        "เพศ": -0.9729754237340348
      },
      "max": {
        "คะแนนคณิตศาสตร์": 1.7118004757831031,
        "คะแนนคอมพิวเตอร์": 1.731165084027837,
        "คะแนนภาษาไทย": 1.7658946177613164,
        "คะแนนวิทยาศาสตร์": 1.743286952656161,
        "คะแนนศิลปะ": 1.818667809219181,
        "ทักษะการคิดเชิงตรรกะ": 1.7519986566774604,
        "ทักษะความคิดสร้างสรรค์": 1.7017127679405284,
        "ทักษะการแก้ปัญหา": 1.7396479819731172,
        "ความสนใจด้านตัวเลข": 1.7222804142488402,
        "ความสนใจด้านเทคโนโลยี": 1.723491922707375,
        "ความสนใจด้านการทำอาหาร": 1.6808779022565759,
        "อายุ": 1.344796355233263,
        "เพศ": 1.0277751889788251
      }
    }
  },
  "timestamp": "2025-06-29T21:48:38.365538"
}