{
  "preprocessing_method": "standard",
  "missing_value_strategy": "mean",
  "categorical_encoding": "label",
  "scalers_used": [
    "features"
  ],
  "encoders_used": [
    "แผนก"
  ],
  "feature_statistics": {
    "before_normalization": {
      "mean": {
        "คะแนนคณิตศาสตร์": 64.9054,
        "คะแนนคอมพิวเตอร์": 64.74765,
        "คะแนนภาษาไทย": 64.73995000000001,
        "คะแนนวิทยาศาสตร์": 64.14825,
        "คะแนนศิลปะ": 64.41485,
        "ทักษะการคิดเชิงตรรกะ": 6.53835,
        "ทักษะความคิดสร้างสรรค์": 6.468049999999999,
        "ทักษะการแก้ปัญหา": 6.486149999999999,
        "ความสนใจด้านตัวเลข": 5.59575,
        "ความสนใจด้านเทคโนโลยี": 5.6176,
        "ความสนใจด้านการทำอาหาร": 5.57195,
        "อายุ": 17.4505,
        "เพศ": 0.476,
        "รายได้ครอบครัว": 3.0045,
        "การศึกษาของผู้ปกครอง": 2.5205,
        "จำนวนพี่น้อง": 1.461,
        "ชั่วโมงการนอน": 7.407,
        "ความถี่การออกกำลังกาย": 3.0595,
        "ชั่วโมงใช้โซเชียลมีเดีย": 4.01405,
        "ชอบอ่านหนังสือ": 0.389,
        "ประเภทเพลงที่ชอบ": 2.494,
        "ชั้นปี": 1.841,
        "GPA": 3.1026700000000003,
        "ความพึงพอใจในแผนก": 3.8735,
        "หากเลือกใหม่จะเลือกแผนกเดิมไหม": 2.2105
      },
      "std": {
        "คะแนนคณิตศาสตร์": 20.455498883118903,
        "คะแนนคอมพิวเตอร์": 20.201506501000242,
        "คะแนนภาษาไทย": 20.156735251163386,
        "คะแนนวิทยาศาสตร์": 20.11205544753351,
        "คะแนนศิลปะ": 19.751902017126024,
        "ทักษะการคิดเชิงตรรกะ": 2.039150152434118,
        "ทักษะความคิดสร้างสรรค์": 2.0361034001317355,
        "ทักษะการแก้ปัญหา": 2.0325276780110375,
        "ความสนใจด้านตัวเลข": 2.5627701482802663,
        "ความสนใจด้านเทคโนโลยี": 2.6038856254019853,
        "ความสนใจด้านการทำอาหาร": 2.6247329023930135,
        "อายุ": 1.1341044248318632,
        "เพศ": 0.4995485705986893,
        "รายได้ครอบครัว": 1.41332179253156,
        "การศึกษาของผู้ปกครอง": 1.1014473855666396,
        "จำนวนพี่น้อง": 1.1229913422539768,
        "ชั่วโมงการนอน": 1.4090932445675635,
        "ความถี่การออกกำลังกาย": 2.027070363141981,
        "ชั่วโมงใช้โซเชียลมีเดีย": 2.328056597520909,
        "ชอบอ่านหนังสือ": 0.4876452593325138,
        "ประเภทเพลงที่ชอบ": 1.0961591045059087,
        "ชั้นปี": 0.7968917857897204,
        "GPA": 0.414378119249625,
        "ความพึงพอใจในแผนก": 0.7181612825918053,
        "หากเลือกใหม่จะเลือกแผนกเดิมไหม": 1.3528136613743966
      },
      "min": {
        "คะแนนคณิตศาสตร์": 30.2,
        "คะแนนคอมพิวเตอร์": 30.0,
        "คะแนนภาษาไทย": 30.0,
        "คะแนนวิทยาศาสตร์": 30.0,
        "คะแนนศิลปะ": 30.0,
        "ทักษะการคิดเชิงตรรกะ": 3.0,
        "ทักษะความคิดสร้างสรรค์": 3.0,
        "ทักษะการแก้ปัญหา": 3.0,
        "ความสนใจด้านตัวเลข": 1.0,
        "ความสนใจด้านเทคโนโลยี": 1.0,
        "ความสนใจด้านการทำอาหาร": 1.0,
        "อายุ": 16.0,
        "เพศ": 0.0,
        "รายได้ครอบครัว": 1.0,
        "การศึกษาของผู้ปกครอง": 1.0,
        "จำนวนพี่น้อง": 0.0,
        "ชั่วโมงการนอน": 5.0,
        "ความถี่การออกกำลังกาย": 0.0,
        "ชั่วโมงใช้โซเชียลมีเดีย": 0.0,
        "ชอบอ่านหนังสือ": 0.0,
        "ประเภทเพลงที่ชอบ": 1.0,
        "ชั้นปี": 1.0,
        "GPA": 2.02,
        "ความพึงพอใจในแผนก": 2.0,
        "หากเลือกใหม่จะเลือกแผนกเดิมไหม": 1.0
      },
      "max": {
        "คะแนนคณิตศาสตร์": 100.0,
        "คะแนนคอมพิวเตอร์": 100.0,
        "คะแนนภาษาไทย": 100.0,
        "คะแนนวิทยาศาสตร์": 100.0,
        "คะแนนศิลปะ": 100.0,
        "ทักษะการคิดเชิงตรรกะ": 10.0,
        "ทักษะความคิดสร้างสรรค์": 10.0,
        "ทักษะการแก้ปัญหา": 10.0,
        "ความสนใจด้านตัวเลข": 10.0,
        "ความสนใจด้านเทคโนโลยี": 10.0,
        "ความสนใจด้านการทำอาหาร": 10.0,
        "อายุ": 19.0,
        "เพศ": 1.0,
        "รายได้ครอบครัว": 5.0,
        "การศึกษาของผู้ปกครอง": 4.0,
        "จำนวนพี่น้อง": 3.0,
        "ชั่วโมงการนอน": 10.0,
        "ความถี่การออกกำลังกาย": 6.0,
        "ชั่วโมงใช้โซเชียลมีเดีย": 8.0,
        "ชอบอ่านหนังสือ": 1.0,
        "ประเภทเพลงที่ชอบ": 4.0,
        "ชั้นปี": 3.0,
        "GPA": 4.0,
        "ความพึงพอใจในแผนก": 5.0,
        "หากเลือกใหม่จะเลือกแผนกเดิมไหม": 5.0
      }
    },
    "after_normalization": {
      "mean": {
        "คะแนนคณิตศาสตร์": -1.4210854715202004e-17,
        "คะแนนคอมพิวเตอร์": 3.4638958368304885e-16,
        "คะแนนภาษาไทย": -3.668176873361517e-16,
        "คะแนนวิทยาศาสตร์": -2.184918912462308e-16,
        "คะแนนศิลปะ": -6.572520305780926e-17,
        "ทักษะการคิดเชิงตรรกะ": -1.6431300764452317e-16,
        "ทักษะความคิดสร้างสรรค์": 5.049294315995212e-16,
        "ทักษะการแก้ปัญหา": 2.788880237858393e-16,
        "ความสนใจด้านตัวเลข": 8.970602038971265e-17,
        "ความสนใจด้านเทคโนโลยี": -1.4210854715202004e-16,
        "ความสนใจด้านการทำอาหาร": -6.217248937900877e-17,
        "อายุ": -1.4956924587750108e-15,
        "เพศ": 7.105427357601002e-18,
        "รายได้ครอบครัว": -1.403321903126198e-16,
        "การศึกษาของผู้ปกครอง": -2.2026824808563106e-16,
        "จำนวนพี่น้อง": -3.552713678800501e-17,
        "ชั่วโมงการนอน": -4.085620730620576e-17,
        "ความถี่การออกกำลังกาย": 3.552713678800501e-17,
        "ชั่วโมงใช้โซเชียลมีเดีย": -5.3734794391857575e-17,
        "ชอบอ่านหนังสือ": -2.97539770599542e-17,
        "ประเภทเพลงที่ชอบ": -2.7355895326763857e-16,
        "ชั้นปี": 6.750155989720952e-17,
        "GPA": -6.430411758628906e-16,
        "ความพึงพอใจในแผนก": 3.730349362740526e-17,
        "หากเลือกใหม่จะเลือกแผนกเดิมไหม": -1.1013412404281553e-16
      },
      "std": {
        "คะแนนคณิตศาสตร์": 1.0002500937890797,
        "คะแนนคอมพิวเตอร์": 1.0002500937890797,
        "คะแนนภาษาไทย": 1.0002500937890797,
        "คะแนนวิทยาศาสตร์": 1.0002500937890797,
        "คะแนนศิลปะ": 1.0002500937890797,
        "ทักษะการคิดเชิงตรรกะ": 1.0002500937890797,
        "ทักษะความคิดสร้างสรรค์": 1.0002500937890797,
        "ทักษะการแก้ปัญหา": 1.0002500937890795,
        "ความสนใจด้านตัวเลข": 1.0002500937890797,
        "ความสนใจด้านเทคโนโลยี": 1.0002500937890797,
        "ความสนใจด้านการทำอาหาร": 1.0002500937890797,
        "อายุ": 1.0002500937890797,
        "เพศ": 1.0002500937890795,
        "รายได้ครอบครัว": 1.00025009378908,
        "การศึกษาของผู้ปกครอง": 1.0002500937890797,
        "จำนวนพี่น้อง": 1.0002500937890797,
        "ชั่วโมงการนอน": 1.0002500937890795,
        "ความถี่การออกกำลังกาย": 1.0002500937890797,
        "ชั่วโมงใช้โซเชียลมีเดีย": 1.0002500937890795,
        "ชอบอ่านหนังสือ": 1.00025009378908,
        "ประเภทเพลงที่ชอบ": 1.0002500937890797,
        "ชั้นปี": 1.0002500937890797,
        "GPA": 1.0002500937890797,
        "ความพึงพอใจในแผนก": 1.00025009378908,
        "หากเลือกใหม่จะเลือกแผนกเดิมไหม": 1.0002500937890797
      },
      "min": {
        "คะแนนคณิตศาสตร์": -1.6970536775143454,
        "คะแนนคอมพิวเตอร์": -1.7204825872629455,
        "คะแนนภาษาไทย": -1.7239219453320127,
        "คะแนนวิทยาศาสตร์": -1.6983241894066,
        "คะแนนศิลปะ": -1.7427920060756688,
        "ทักษะการคิดเชิงตรรกะ": -1.7356421326471876,
        "ทักษะความคิดสร้างสรรค์": -1.7037039167759254,
        "ทักษะการแก้ปัญหา": -1.715608550962061,
        "ความสนใจด้านตัวเลข": -1.7937228477613913,
        "ความสนใจด้านเทคโนโลยี": -1.7737932834002323,
        "ความสนใจด้านการทำอาหาร": -1.7423081076667328,
        "อายุ": -1.2793026191183052,
        "เพศ": -0.9530986027504631,
        "รายได้ครอบครัว": -1.418644588652968,
        "การศึกษาของผู้ปกครอง": -1.3808015594170928,
        "จำนวนพี่น้อง": -1.3013149185039234,
        "ชั่วโมงการนอน": -1.7086179250608666,
        "ความถี่การออกกำลังกาย": -1.5096985371559795,
        "ชั่วโมงใช้โซเชียลมีเดีย": -1.7246375767881197,
        "ชอบอ่านหนังสือ": -0.7979105282732498,
        "ประเภทเพลงที่ชอบ": -1.36328169330352,
        "ชั้นปี": -1.0556142551312357,
        "GPA": -2.6134120474402995,
        "ความพึงพอใจในแผนก": -2.609397911219593,
        "หากเลือกใหม่จะเลือกแผนกเดิมไหม": -0.89502551097951
      },
      "max": {
        "คะแนนคณิตศาสตร์": 1.716085104649275,
        "คะแนนคอมพิวเตอร์": 1.7454721207074124,